district,rating,variance,most_similar_ratings
AK-00,Likely-R,0.9917355371900827,Lean-R,Likely-R,Toss-Up,Lean-R,Solid-R,Solid-R,Lean-R,Solid-R,Solid-R,Solid-R,Toss-Up,Likely-R,Likely-R,Solid-R,Likely-R,Likely-R,Likely-R,Likely-R,Likely-R,Toss-Up,Likely-R,Solid-R
AL-01,Solid-R,0.11776859504132231,Solid-R,Solid-R,Solid-R,Solid-R,Solid-R,Solid-R,Likely-R,Likely-R,Solid-R,Solid-R,Solid-R,Solid-R,Solid-R,Solid-R,Solid-R,Likely-R,Solid-R,Solid-R,Solid-R,Solid-R,Solid-R,Solid-R
AL-02,Solid-R,0.19834710743801653,Likely-R,Solid-R,Solid-R,Solid-R,Likely-R,Solid-R,Solid-R,Solid-R,Likely-R,Solid-R,Solid-R,Likely-R,Solid-R,Solid-R,Solid-R,Likely-R,Likely-R,Solid-R,Solid-R,Solid-R,Solid-R,Solid-R
AL-03,Solid-R,0.04338842975206612,Solid-R,Solid-R,Solid-R,Solid-R,Solid-R,Solid-R,Solid-R,Solid-R,Solid-R,Solid-R,Solid-R,Solid-R,Solid-R,Solid-R,Solid-R,Solid-R,Likely-R,Solid-R,Solid-R,Solid-R,Solid-R,Solid-R
AL-04,Solid-R,0,Solid-R,Solid-R,Solid-R,Solid-R,Solid-R,Solid-R,Solid-R,Solid-R,Solid-R,Solid-R,Solid-R,Solid-R,Solid-R,Solid-R,Solid-R,Solid-R,Solid-R,Solid-R,Solid-R,Solid-R,Solid-R,Solid-R
AL-05,Solid-R,0,Solid-R,Solid-R,Solid-R,Solid-R,Solid-R,Solid-R,Solid-R,Solid-R,Solid-R,Solid-R,Solid-R,Solid-R,Solid-R,Solid-R,Solid-R,Solid-R,Solid-R,Solid-R,Solid-R,Solid-R,Solid-R,Solid-R
AL-06,Solid-R,0,Solid-R,Solid-R,Solid-R,Solid-R,Solid-R,Solid-R,Solid-R,Solid-R,Solid-R,Solid-R,Solid-R,Solid-R,Solid-R,Solid-R,Solid-R,Solid-R,Solid-R,Solid-R,Solid-R,Solid-R,Solid-R,Solid-R
AL-07,Solid-D,0,Solid-D,Solid-D,Solid-D,Solid-D,Solid-D,Solid-D,Solid-D,Solid-D,Solid-D,Solid-D,Solid-D,Solid-D,Solid-D,Solid-D,Solid-D,Solid-D,Solid-D,Solid-D,Solid-D,Solid-D,Solid-D,Solid-D
AR-01,Solid-R,0.7623966942148761,Solid-R,Solid-R,Solid-R,Solid-R,Likely-R,Solid-R,Solid-R,Solid-R,Solid-R,Solid-R,Solid-R,Solid-R,Solid-R,Likely-R,Solid-R,Solid-R,Solid-R,Likely-R,Solid-R,Solid-R,Solid-R,Lean-D
AR-02,Lean-R,1.1570247933884297,Likely-R,Solid-R,Toss-Up,Lean-R,Likely-R,Solid-R,Toss-Up,Toss-Up,Likely-R,Likely-R,Likely-R,Solid-R,Likely-R,Lean-R,Lean-R,Likely-R,Toss-Up,Toss-Up,Lean-R,Solid-R,Toss-Up,Likely-R
AR-03,Solid-R,0,Solid-R,Solid-R,Solid-R,Solid-R,Solid-R,Solid-R,Solid-R,Solid-R,Solid-R,Solid-R,Solid-R,Solid-R,Solid-R,Solid-R,Solid-R,Solid-R,Solid-R,Solid-R,Solid-R,Solid-R,Solid-R,Solid-R
AR-04,Solid-R,1.0681818181818181,Solid-R,Solid-R,Solid-R,Solid-R,Likely-R,Solid-R,Solid-R,Likely-R,Solid-R,Solid-R,Lean-D,Solid-R,Likely-R,Solid-R,Solid-R,Likely-R,Solid-R,Solid-R,Solid-R,Solid-R,Toss-Up,Solid-R
AZ-01,Lean-D,1.9752066115702478,Likely-D,Lean-D,Lean-R,Likely-D,Lean-R,Solid-D,Lean-D,Likely-D,Lean-D,Likely-D,Lean-R,Toss-Up,Toss-Up,Solid-D,Likely-D,Solid-D,Toss-Up,Solid-D,Solid-D,Solid-D,Solid-D,Lean-D
AZ-02,Toss-Up,1.0268595041322315,Toss-Up,Lean-R,Toss-Up,Toss-Up,Lean-R,Toss-Up,Toss-Up,Lean-R,Lean-R,Lean-D,Lean-D,Toss-Up,Toss-Up,Likely-R,Lean-D,Lean-R,Lean-R,Toss-Up,Lean-D,Lean-D,Likely-R,Likely-D
AZ-03,Solid-D,0,Solid-D,Solid-D,Solid-D,Solid-D,Solid-D,Solid-D,Solid-D,Solid-D,Solid-D,Solid-D,Solid-D,Solid-D,Solid-D,Solid-D,Solid-D,Solid-D,Solid-D,Solid-D,Solid-D,Solid-D,Solid-D,Solid-D
AZ-04,Solid-R,0,Solid-R,Solid-R,Solid-R,Solid-R,Solid-R,Solid-R,Solid-R,Solid-R,Solid-R,Solid-R,Solid-R,Solid-R,Solid-R,Solid-R,Solid-R,Solid-R,Solid-R,Solid-R,Solid-R,Solid-R,Solid-R,Solid-R
AZ-05,Solid-R,0.32231404958677684,Lean-R,Solid-R,Solid-R,Solid-R,Likely-R,Likely-R,Solid-R,Solid-R,Solid-R,Likely-R,Solid-R,Solid-R,Solid-R,Likely-R,Solid-R,Solid-R,Solid-R,Likely-R,Solid-R,Solid-R,Likely-R,Solid-R
AZ-06,Likely-R,0.7272727272727273,Lean-R,Likely-R,Likely-R,Solid-R,Likely-R,Solid-R,Likely-R,Lean-R,Solid-R,Solid-R,Likely-R,Likely-R,Likely-R,Likely-R,Solid-R,Solid-R,Solid-R,Lean-R,Lean-R,Likely-R,Lean-R,Toss-Up
AZ-07,Solid-D,0,Solid-D,Solid-D,Solid-D,Solid-D,Solid-D,Solid-D,Solid-D,Solid-D,Solid-D,Solid-D,Solid-D,Solid-D,Solid-D,Solid-D,Solid-D,Solid-D,Solid-D,Solid-D,Solid-D,Solid-D,Solid-D,Solid-D
AZ-08,Likely-R,0.14876033057851237,Solid-R,Likely-R,Solid-R,Solid-R,Solid-R,Solid-R,Solid-R,Likely-R,Solid-R,Solid-R,Solid-R,Solid-R,Solid-R,Solid-R,Solid-R,Solid-R,Solid-R,Likely-R,Solid-R,Solid-R,Likely-R,Solid-R
AZ-09,Likely-D,0.1487603305785124,Solid-D,Solid-D,Solid-D,Solid-D,Solid-D,Solid-D,Solid-D,Solid-D,Solid-D,Solid-D,Solid-D,Solid-D,Solid-D,Solid-D,Likely-D,Solid-D,Solid-D,Likely-D,Likely-D,Solid-D,Solid-D,Likely-D
CA-01,Solid-R,0.5950413223140496,Solid-R,Likely-R,Solid-R,Likely-R,Solid-R,Likely-R,Solid-R,Toss-Up,Lean-R,Solid-R,Likely-R,Solid-R,Solid-R,Solid-R,Likely-R,Solid-R,Solid-R,Solid-R,Likely-R,Likely-R,Likely-R,Likely-R
CA-02,Solid-D,0,Solid-D,Solid-D,Solid-D,Solid-D,Solid-D,Solid-D,Solid-D,Solid-D,Solid-D,Solid-D,Solid-D,Solid-D,Solid-D,Solid-D,Solid-D,Solid-D,Solid-D,Solid-D,Solid-D,Solid-D,Solid-D,Solid-D
CA-03,Solid-D,0.19834710743801653,Solid-D,Solid-D,Solid-D,Solid-D,Solid-D,Solid-D,Solid-D,Likely-D,Solid-D,Likely-D,Likely-D,Solid-D,Solid-D,Solid-D,Solid-D,Solid-D,Likely-D,Solid-D,Likely-D,Likely-D,Solid-D,Solid-D
CA-04,Likely-R,0.8347107438016529,Solid-R,Likely-R,Lean-R,Solid-R,Likely-R,Toss-Up,Likely-R,Solid-R,Solid-R,Solid-R,Solid-R,Likely-R,Solid-R,Likely-R,Solid-R,Lean-R,Lean-R,Solid-R,Solid-R,Solid-R,Solid-R,Lean-R
CA-05,Solid-D,0,Solid-D,Solid-D,Solid-D,Solid-D,Solid-D,Solid-D,Solid-D,Solid-D,Solid-D,Solid-D,Solid-D,Solid-D,Solid-D,Solid-D,Solid-D,Solid-D,Solid-D,Solid-D,Solid-D,Solid-D,Solid-D,Solid-D
CA-06,Solid-D,0,Solid-D,Solid-D,Solid-D,Solid-D,Solid-D,Solid-D,Solid-D,Solid-D,Solid-D,Solid-D,Solid-D,Solid-D,Solid-D,Solid-D,Solid-D,Solid-D,Solid-D,Solid-D,Solid-D,Solid-D,Solid-D,Solid-D
CA-07,Lean-D,1.9772727272727273,Lean-R,Likely-D,Solid-D,Lean-D,Likely-D,Toss-Up,Solid-D,Toss-Up,Lean-D,Likely-D,Solid-D,Lean-R,Solid-D,Toss-Up,Solid-D,Lean-R,Lean-D,Solid-D,Likely-D,Likely-D,Likely-D,Solid-D
CA-08,Solid-R,1.7541322314049586,Likely-R,Solid-R,Solid-R,Solid-R,Toss-Up,Likely-R,Solid-R,Solid-R,Toss-Up,Solid-R,Solid-R,Solid-R,Solid-R,Likely-R,Solid-R,Lean-D,Solid-R,Solid-R,Likely-R,Solid-R,Lean-D,Likely-R
CA-09,Solid-D,0.2892561983471074,Likely-D,Solid-D,Solid-D,Solid-D,Solid-D,Likely-D,Solid-D,Solid-D,Solid-D,Likely-D,Solid-D,Solid-D,Solid-D,Solid-D,Solid-D,Solid-D,Solid-D,Likely-D,Solid-D,Solid-D,Solid-D,Lean-D
CA-10,Toss-Up,0.96900826446281,Toss-Up,Likely-D,Toss-Up,Lean-R,Lean-D,Lean-D,Likely-D,Toss-Up,Toss-Up,Lean-D,Toss-Up,Lean-R,Toss-Up,Lean-D,Lean-D,Lean-D,Likely-D,Lean-R,Lean-R,Lean-D,Lean-R,Lean-D
CA-11,Solid-D,0,Solid-D,Solid-D,Solid-D,Solid-D,Solid-D,Solid-D,Solid-D,Solid-D,Solid-D,Solid-D,Solid-D,Solid-D,Solid-D,Solid-D,Solid-D,Solid-D,Solid-D,Solid-D,Solid-D,Solid-D,Solid-D,Solid-D
CA-12,Solid-D,0,Solid-D,Solid-D,Solid-D,Solid-D,Solid-D,Solid-D,Solid-D,Solid-D,Solid-D,Solid-D,Solid-D,Solid-D,Solid-D,Solid-D,Solid-D,Solid-D,Solid-D,Solid-D,Solid-D,Solid-D,Solid-D,Solid-D
CA-13,Solid-D,0,Solid-D,Solid-D,Solid-D,Solid-D,Solid-D,Solid-D,Solid-D,Solid-D,Solid-D,Solid-D,Solid-D,Solid-D,Solid-D,Solid-D,Solid-D,Solid-D,Solid-D,Solid-D,Solid-D,Solid-D,Solid-D,Solid-D
CA-14,Solid-D,0,Solid-D,Solid-D,Solid-D,Solid-D,Solid-D,Solid-D,Solid-D,Solid-D,Solid-D,Solid-D,Solid-D,Solid-D,Solid-D,Solid-D,Solid-D,Solid-D,Solid-D,Solid-D,Solid-D,Solid-D,Solid-D,Solid-D
CA-15,Solid-D,0,Solid-D,Solid-D,Solid-D,Solid-D,Solid-D,Solid-D,Solid-D,Solid-D,Solid-D,Solid-D,Solid-D,Solid-D,Solid-D,Solid-D,Solid-D,Solid-D,Solid-D,Solid-D,Solid-D,Solid-D,Solid-D,Solid-D
CA-16,Likely-D,0.11776859504132231,Solid-D,Solid-D,Solid-D,Solid-D,Solid-D,Likely-D,Likely-D,Solid-D,Solid-D,Solid-D,Solid-D,Solid-D,Solid-D,Solid-D,Solid-D,Solid-D,Solid-D,Solid-D,Solid-D,Solid-D,Likely-D,Solid-D
CA-17,Solid-D,0,Solid-D,Solid-D,Solid-D,Solid-D,Solid-D,Solid-D,Solid-D,Solid-D,Solid-D,Solid-D,Solid-D,Solid-D,Solid-D,Solid-D,Solid-D,Solid-D,Solid-D,Solid-D,Solid-D,Solid-D,Solid-D,Solid-D
CA-18,Solid-D,0,Solid-D,Solid-D,Solid-D,Solid-D,Solid-D,Solid-D,Solid-D,Solid-D,Solid-D,Solid-D,Solid-D,Solid-D,Solid-D,Solid-D,Solid-D,Solid-D,Solid-D,Solid-D,Solid-D,Solid-D,Solid-D,Solid-D
CA-19,Solid-D,0,Solid-D,Solid-D,Solid-D,Solid-D,Solid-D,Solid-D,Solid-D,Solid-D,Solid-D,Solid-D,Solid-D,Solid-D,Solid-D,Solid-D,Solid-D,Solid-D,Solid-D,Solid-D,Solid-D,Solid-D,Solid-D,Solid-D
CA-20,Solid-D,0,Solid-D,Solid-D,Solid-D,Solid-D,Solid-D,Solid-D,Solid-D,Solid-D,Solid-D,Solid-D,Solid-D,Solid-D,Solid-D,Solid-D,Solid-D,Solid-D,Solid-D,Solid-D,Solid-D,Solid-D,Solid-D,Solid-D
CA-21,Lean-R,0.5144628099173554,Lean-D,Lean-D,Toss-Up,Lean-D,Toss-Up,Toss-Up,Toss-Up,Lean-D,Toss-Up,Toss-Up,Lean-R,Toss-Up,Toss-Up,Lean-D,Likely-D,Likely-D,Toss-Up,Toss-Up,Toss-Up,Toss-Up,Lean-D,Toss-Up
CA-22,Likely-R,0.6301652892561984,Lean-R,Likely-R,Solid-R,Likely-R,Solid-R,Likely-R,Lean-R,Solid-R,Solid-R,Solid-R,Solid-R,Likely-R,Solid-R,Likely-R,Lean-R,Solid-R,Solid-R,Likely-R,Lean-R,Solid-R,Lean-R,Likely-R
CA-23,Solid-R,0.08264462809917356,Solid-R,Solid-R,Solid-R,Solid-R,Solid-R,Solid-R,Solid-R,Solid-R,Solid-R,Solid-R,Likely-R,Solid-R,Solid-R,Solid-R,Solid-R,Solid-R,Solid-R,Solid-R,Solid-R,Solid-R,Solid-R,Likely-R
CA-24,Likely-D,0.4132231404958678,Solid-D,Solid-D,Solid-D,Likely-D,Solid-D,Lean-D,Solid-D,Likely-D,Solid-D,Solid-D,Solid-D,Solid-D,Solid-D,Solid-D,Solid-D,Solid-D,Solid-D,Likely-D,Solid-D,Lean-D,Solid-D,Likely-D
CA-25,Lean-D,2.5950413223140494,Toss-Up,Likely-D,Solid-D,Toss-Up,Likely-R,Lean-D,Toss-Up,Solid-R,Likely-R,Toss-Up,Lean-D,Toss-Up,Toss-Up,Likely-R,Likely-R,Toss-Up,Solid-R,Lean-D,Solid-R,Toss-Up,Lean-D,Toss-Up
CA-26,Solid-D,0.1487603305785124,Solid-D,Solid-D,Solid-D,Solid-D,Solid-D,Solid-D,Likely-D,Likely-D,Solid-D,Solid-D,Likely-D,Likely-D,Solid-D,Solid-D,Solid-D,Solid-D,Solid-D,Solid-D,Solid-D,Solid-D,Solid-D,Solid-D
CA-27,Solid-D,0,Solid-D,Solid-D,Solid-D,Solid-D,Solid-D,Solid-D,Solid-D,Solid-D,Solid-D,Solid-D,Solid-D,Solid-D,Solid-D,Solid-D,Solid-D,Solid-D,Solid-D,Solid-D,Solid-D,Solid-D,Solid-D,Solid-D
CA-28,Solid-D,0,Solid-D,Solid-D,Solid-D,Solid-D,Solid-D,Solid-D,Solid-D,Solid-D,Solid-D,Solid-D,Solid-D,Solid-D,Solid-D,Solid-D,Solid-D,Solid-D,Solid-D,Solid-D,Solid-D,Solid-D,Solid-D,Solid-D
CA-29,Solid-D,0,Solid-D,Solid-D,Solid-D,Solid-D,Solid-D,Solid-D,Solid-D,Solid-D,Solid-D,Solid-D,Solid-D,Solid-D,Solid-D,Solid-D,Solid-D,Solid-D,Solid-D,Solid-D,Solid-D,Solid-D,Solid-D,Solid-D
CA-30,Solid-D,0,Solid-D,Solid-D,Solid-D,Solid-D,Solid-D,Solid-D,Solid-D,Solid-D,Solid-D,Solid-D,Solid-D,Solid-D,Solid-D,Solid-D,Solid-D,Solid-D,Solid-D,Solid-D,Solid-D,Solid-D,Solid-D,Solid-D
CA-31,Solid-D,1.4235537190082646,Lean-D,Likely-D,Toss-Up,Toss-Up,Solid-D,Lean-D,Likely-D,Solid-D,Solid-D,Likely-D,Likely-D,Lean-D,Lean-R,Toss-Up,Toss-Up,Solid-D,Likely-D,Lean-D,Lean-D,Solid-D,Likely-D,Toss-Up
CA-32,Solid-D,0,Solid-D,Solid-D,Solid-D,Solid-D,Solid-D,Solid-D,Solid-D,Solid-D,Solid-D,Solid-D,Solid-D,Solid-D,Solid-D,Solid-D,Solid-D,Solid-D,Solid-D,Solid-D,Solid-D,Solid-D,Solid-D,Solid-D
CA-33,Solid-D,0,Solid-D,Solid-D,Solid-D,Solid-D,Solid-D,Solid-D,Solid-D,Solid-D,Solid-D,Solid-D,Solid-D,Solid-D,Solid-D,Solid-D,Solid-D,Solid-D,Solid-D,Solid-D,Solid-D,Solid-D,Solid-D,Solid-D
CA-34,Solid-D,0,Solid-D,Solid-D,Solid-D,Solid-D,Solid-D,Solid-D,Solid-D,Solid-D,Solid-D,Solid-D,Solid-D,Solid-D,Solid-D,Solid-D,Solid-D,Solid-D,Solid-D,Solid-D,Solid-D,Solid-D,Solid-D,Solid-D
CA-35,Solid-D,0,Solid-D,Solid-D,Solid-D,Solid-D,Solid-D,Solid-D,Solid-D,Solid-D,Solid-D,Solid-D,Solid-D,Solid-D,Solid-D,Solid-D,Solid-D,Solid-D,Solid-D,Solid-D,Solid-D,Solid-D,Solid-D,Solid-D
CA-36,Solid-D,0.1487603305785124,Solid-D,Likely-D,Solid-D,Likely-D,Solid-D,Solid-D,Solid-D,Likely-D,Solid-D,Solid-D,Likely-D,Solid-D,Solid-D,Solid-D,Solid-D,Solid-D,Solid-D,Solid-D,Solid-D,Solid-D,Solid-D,Solid-D
CA-37,Solid-D,0,Solid-D,Solid-D,Solid-D,Solid-D,Solid-D,Solid-D,Solid-D,Solid-D,Solid-D,Solid-D,Solid-D,Solid-D,Solid-D,Solid-D,Solid-D,Solid-D,Solid-D,Solid-D,Solid-D,Solid-D,Solid-D,Solid-D
CA-38,Solid-D,0,Solid-D,Solid-D,Solid-D,Solid-D,Solid-D,Solid-D,Solid-D,Solid-D,Solid-D,Solid-D,Solid-D,Solid-D,Solid-D,Solid-D,Solid-D,Solid-D,Solid-D,Solid-D,Solid-D,Solid-D,Solid-D,Solid-D
CA-39,Toss-Up,1.1818181818181819,Toss-Up,Toss-Up,Lean-D,Toss-Up,Lean-D,Lean-D,Lean-R,Toss-Up,Toss-Up,Lean-D,Toss-Up,Likely-D,Lean-D,Toss-Up,Lean-R,Likely-D,Toss-Up,Lean-R,Lean-R,Likely-R,Likely-R,Lean-R
CA-40,Solid-D,0,Solid-D,Solid-D,Solid-D,Solid-D,Solid-D,Solid-D,Solid-D,Solid-D,Solid-D,Solid-D,Solid-D,Solid-D,Solid-D,Solid-D,Solid-D,Solid-D,Solid-D,Solid-D,Solid-D,Solid-D,Solid-D,Solid-D
CA-41,Solid-D,0.04338842975206612,Solid-D,Solid-D,Solid-D,Solid-D,Solid-D,Solid-D,Solid-D,Solid-D,Solid-D,Solid-D,Solid-D,Solid-D,Solid-D,Solid-D,Solid-D,Solid-D,Solid-D,Solid-D,Solid-D,Solid-D,Solid-D,Likely-D
CA-42,Solid-R,0.9008264462809917,Likely-R,Likely-R,Solid-R,Lean-R,Solid-R,Lean-R,Toss-Up,Lean-R,Likely-R,Toss-Up,Likely-R,Solid-R,Likely-R,Solid-R,Solid-R,Likely-R,Likely-R,Likely-R,Solid-R,Solid-R,Solid-R,Solid-R
CA-43,Solid-D,0,Solid-D,Solid-D,Solid-D,Solid-D,Solid-D,Solid-D,Solid-D,Solid-D,Solid-D,Solid-D,Solid-D,Solid-D,Solid-D,Solid-D,Solid-D,Solid-D,Solid-D,Solid-D,Solid-D,Solid-D,Solid-D,Solid-D
CA-44,Solid-D,0,Solid-D,Solid-D,Solid-D,Solid-D,Solid-D,Solid-D,Solid-D,Solid-D,Solid-D,Solid-D,Solid-D,Solid-D,Solid-D,Solid-D,Solid-D,Solid-D,Solid-D,Solid-D,Solid-D,Solid-D,Solid-D,Solid-D
CA-45,Toss-Up,1.4297520661157024,Toss-Up,Toss-Up,Toss-Up,Lean-R,Lean-D,Lean-D,Toss-Up,Lean-D,Toss-Up,Toss-Up,Toss-Up,Lean-R,Lean-R,Likely-R,Toss-Up,Lean-R,Solid-R,Likely-R,Likely-R,Solid-R,Lean-D,Toss-Up
CA-46,Solid-D,0,Solid-D,Solid-D,Solid-D,Solid-D,Solid-D,Solid-D,Solid-D,Solid-D,Solid-D,Solid-D,Solid-D,Solid-D,Solid-D,Solid-D,Solid-D,Solid-D,Solid-D,Solid-D,Solid-D,Solid-D,Solid-D,Solid-D
CA-47,Solid-D,0.04338842975206612,Solid-D,Solid-D,Solid-D,Solid-D,Solid-D,Solid-D,Solid-D,Solid-D,Solid-D,Solid-D,Solid-D,Solid-D,Solid-D,Likely-D,Solid-D,Solid-D,Solid-D,Solid-D,Solid-D,Solid-D,Solid-D,Solid-D
CA-48,Toss-Up,1.3801652892561984,Toss-Up,Lean-R,Lean-D,Toss-Up,Toss-Up,Toss-Up,Toss-Up,Toss-Up,Lean-D,Lean-R,Toss-Up,Lean-R,Likely-R,Lean-D,Solid-R,Lean-R,Likely-R,Solid-R,Toss-Up,Likely-R,Likely-R,Lean-R
CA-49,Lean-D,0.7768595041322314,Lean-D,Likely-D,Likely-D,Toss-Up,Toss-Up,Lean-D,Toss-Up,Likely-D,Toss-Up,Toss-Up,Toss-Up,Toss-Up,Toss-Up,Lean-R,Toss-Up,Toss-Up,Toss-Up,Lean-D,Lean-R,Lean-R,Lean-D,Lean-D
CA-50,Lean-R,0.5144628099173554,Solid-R,Likely-R,Likely-R,Likely-R,Solid-R,Likely-R,Likely-R,Solid-R,Likely-R,Solid-R,Solid-R,Solid-R,Solid-R,Solid-R,Likely-R,Lean-R,Lean-R,Solid-R,Lean-R,Solid-R,Solid-R,Solid-R
CA-51,Solid-D,0,Solid-D,Solid-D,Solid-D,Solid-D,Solid-D,Solid-D,Solid-D,Solid-D,Solid-D,Solid-D,Solid-D,Solid-D,Solid-D,Solid-D,Solid-D,Solid-D,Solid-D,Solid-D,Solid-D,Solid-D,Solid-D,Solid-D
CA-52,Solid-D,0.3078512396694215,Solid-D,Likely-D,Solid-D,Solid-D,Solid-D,Solid-D,Likely-D,Solid-D,Likely-D,Solid-D,Solid-D,Solid-D,Lean-D,Solid-D,Likely-D,Solid-D,Solid-D,Solid-D,Solid-D,Solid-D,Likely-D,Solid-D
CA-53,Solid-D,0,Solid-D,Solid-D,Solid-D,Solid-D,Solid-D,Solid-D,Solid-D,Solid-D,Solid-D,Solid-D,Solid-D,Solid-D,Solid-D,Solid-D,Solid-D,Solid-D,Solid-D,Solid-D,Solid-D,Solid-D,Solid-D,Solid-D
CO-01,Solid-D,0,Solid-D,Solid-D,Solid-D,Solid-D,Solid-D,Solid-D,Solid-D,Solid-D,Solid-D,Solid-D,Solid-D,Solid-D,Solid-D,Solid-D,Solid-D,Solid-D,Solid-D,Solid-D,Solid-D,Solid-D,Solid-D,Solid-D
CO-02,Solid-D,0.08264462809917356,Solid-D,Solid-D,Solid-D,Solid-D,Solid-D,Solid-D,Solid-D,Solid-D,Likely-D,Solid-D,Solid-D,Solid-D,Likely-D,Solid-D,Solid-D,Solid-D,Solid-D,Solid-D,Solid-D,Solid-D,Solid-D,Solid-D
CO-03,Likely-R,1.1570247933884297,Likely-R,Likely-R,Solid-R,Toss-Up,Toss-Up,Toss-Up,Likely-R,Likely-R,Lean-R,Lean-R,Toss-Up,Likely-R,Solid-R,Likely-R,Toss-Up,Solid-R,Lean-R,Solid-R,Likely-R,Lean-R,Lean-R,Solid-R
CO-04,Solid-R,0.47107438016528924,Solid-R,Solid-R,Solid-R,Solid-R,Likely-R,Solid-R,Solid-R,Solid-R,Solid-R,Solid-R,Solid-R,Solid-R,Solid-R,Solid-R,Solid-R,Likely-R,Solid-R,Solid-R,Toss-Up,Solid-R,Likely-R,Solid-R
CO-05,Solid-R,1.0661157024793388,Solid-R,Solid-R,Solid-R,Solid-R,Likely-R,Solid-R,Solid-R,Likely-R,Solid-R,Likely-R,Solid-R,Solid-R,Solid-R,Solid-R,Solid-R,Solid-R,Toss-Up,Solid-R,Lean-D,Solid-R,Solid-R,Solid-R
CO-06,Toss-Up,0.9586776859504132,Toss-Up,Lean-R,Toss-Up,Toss-Up,Toss-Up,Lean-R,Lean-D,Lean-D,Lean-D,Lean-R,Toss-Up,Lean-D,Lean-D,Likely-D,Toss-Up,Lean-R,Lean-D,Likely-D,Lean-D,Lean-R,Likely-D,Toss-Up
CO-07,Solid-D,0.19834710743801653,Solid-D,Solid-D,Solid-D,Likely-D,Solid-D,Solid-D,Solid-D,Solid-D,Solid-D,Solid-D,Solid-D,Likely-D,Solid-D,Likely-D,Likely-D,Likely-D,Solid-D,Solid-D,Solid-D,Solid-D,Solid-D,Likely-D
CT-01,Solid-D,0,Solid-D,Solid-D,Solid-D,Solid-D,Solid-D,Solid-D,Solid-D,Solid-D,Solid-D,Solid-D,Solid-D,Solid-D,Solid-D,Solid-D,Solid-D,Solid-D,Solid-D,Solid-D,Solid-D,Solid-D,Solid-D,Solid-D
CT-02,Solid-D,0.08264462809917356,Solid-D,Solid-D,Likely-D,Solid-D,Solid-D,Likely-D,Solid-D,Solid-D,Solid-D,Solid-D,Solid-D,Solid-D,Solid-D,Solid-D,Solid-D,Solid-D,Solid-D,Solid-D,Solid-D,Solid-D,Solid-D,Solid-D
CT-03,Solid-D,0.04338842975206612,Solid-D,Solid-D,Solid-D,Solid-D,Solid-D,Solid-D,Solid-D,Likely-D,Solid-D,Solid-D,Solid-D,Solid-D,Solid-D,Solid-D,Solid-D,Solid-D,Solid-D,Solid-D,Solid-D,Solid-D,Solid-D,Solid-D
CT-04,Solid-D,0.11776859504132231,Solid-D,Solid-D,Likely-D,Solid-D,Solid-D,Solid-D,Likely-D,Solid-D,Solid-D,Solid-D,Solid-D,Likely-D,Solid-D,Solid-D,Solid-D,Solid-D,Solid-D,Solid-D,Solid-D,Solid-D,Solid-D,Solid-D
CT-05,Likely-D,1.4979338842975207,Likely-D,Solid-D,Lean-D,Lean-D,Solid-D,Solid-D,Likely-D,Likely-D,Solid-D,Lean-D,Solid-D,Solid-D,Lean-D,Lean-R,Solid-D,Solid-D,Likely-D,Likely-D,Solid-D,Solid-D,Lean-R,Solid-D
DE-00,Solid-D,0.08264462809917356,Solid-D,Solid-D,Solid-D,Solid-D,Solid-D,Solid-D,Solid-D,Solid-D,Solid-D,Solid-D,Solid-D,Solid-D,Solid-D,Solid-D,Solid-D,Solid-D,Solid-D,Likely-D,Solid-D,Solid-D,Likely-D,Solid-D
FL-01,Solid-R,0,Solid-R,Solid-R,Solid-R,Solid-R,Solid-R,Solid-R,Solid-R,Solid-R,Solid-R,Solid-R,Solid-R,Solid-R,Solid-R,Solid-R,Solid-R,Solid-R,Solid-R,Solid-R,Solid-R,Solid-R,Solid-R,Solid-R
FL-02,Solid-R,0.7768595041322314,Solid-R,Toss-Up,Solid-R,Solid-R,Solid-R,Solid-R,Solid-R,Solid-R,Solid-R,Solid-R,Solid-R,Likely-R,Toss-Up,Solid-R,Likely-R,Solid-R,Solid-R,Solid-R,Solid-R,Solid-R,Solid-R,Solid-R
FL-03,Solid-R,0.5392561983471075,Likely-R,Likely-R,Solid-R,Solid-R,Likely-R,Likely-R,Likely-R,Likely-R,Solid-R,Likely-R,Solid-R,Lean-R,Lean-R,Solid-R,Solid-R,Likely-R,Solid-R,Lean-R,Likely-R,Solid-R,Lean-R,Solid-R
FL-04,Solid-R,0.11776859504132231,Solid-R,Solid-R,Solid-R,Solid-R,Solid-R,Solid-R,Likely-R,Likely-R,Solid-R,Solid-R,Solid-R,Solid-R,Solid-R,Solid-R,Solid-R,Solid-R,Solid-R,Solid-R,Solid-R,Solid-R,Likely-R,Solid-R
FL-05,Solid-D,0,Solid-D,Solid-D,Solid-D,Solid-D,Solid-D,Solid-D,Solid-D,Solid-D,Solid-D,Solid-D,Solid-D,Solid-D,Solid-D,Solid-D,Solid-D,Solid-D,Solid-D,Solid-D,Solid-D,Solid-D,Solid-D,Solid-D
FL-06,Likely-R,1.2995867768595042,Solid-R,Likely-R,Solid-R,Solid-R,Lean-R,Solid-R,Likely-R,Solid-R,Solid-R,Solid-R,Lean-R,Likely-R,Solid-R,Likely-R,Toss-Up,Toss-Up,Lean-R,Toss-Up,Lean-R,Toss-Up,Likely-R,Solid-R
FL-07,Likely-D,0.96900826446281,Lean-D,Lean-D,Likely-D,Likely-D,Toss-Up,Toss-Up,Lean-D,Toss-Up,Toss-Up,Toss-Up,Toss-Up,Toss-Up,Toss-Up,Lean-R,Toss-Up,Lean-D,Toss-Up,Lean-D,Toss-Up,Solid-D,Lean-R,Lean-R
FL-08,Solid-R,0.5144628099173554,Solid-R,Solid-R,Solid-R,Solid-R,Solid-R,Solid-R,Likely-R,Likely-R,Solid-R,Solid-R,Toss-Up,Solid-R,Solid-R,Solid-R,Solid-R,Solid-R,Likely-R,Likely-R,Solid-R,Likely-R,Likely-R,Solid-R
FL-09,Solid-D,0.11776859504132231,Solid-D,Solid-D,Likely-D,Solid-D,Solid-D,Solid-D,Solid-D,Solid-D,Solid-D,Solid-D,Solid-D,Solid-D,Solid-D,Likely-D,Solid-D,Solid-D,Solid-D,Solid-D,Likely-D,Solid-D,Solid-D,Solid-D
FL-10,Solid-D,0.1487603305785124,Solid-D,Solid-D,Likely-D,Solid-D,Solid-D,Solid-D,Solid-D,Solid-D,Solid-D,Solid-D,Solid-D,Solid-D,Likely-D,Solid-D,Likely-D,Solid-D,Solid-D,Likely-D,Solid-D,Solid-D,Solid-D,Solid-D
FL-11,Solid-R,0.04338842975206612,Solid-R,Solid-R,Solid-R,Solid-R,Solid-R,Solid-R,Solid-R,Solid-R,Solid-R,Likely-R,Solid-R,Solid-R,Solid-R,Solid-R,Solid-R,Solid-R,Solid-R,Solid-R,Solid-R,Solid-R,Solid-R,Solid-R
FL-12,Solid-R,1.0681818181818181,Solid-R,Solid-R,Solid-R,Solid-R,Solid-R,Solid-R,Likely-R,Likely-R,Solid-R,Solid-R,Solid-R,Solid-R,Solid-R,Likely-R,Solid-R,Solid-R,Solid-R,Likely-R,Lean-D,Toss-Up,Solid-R,Solid-R
FL-13,Likely-D,3.1508264462809916,Lean-D,Toss-Up,Toss-Up,Likely-R,Solid-D,Lean-D,Toss-Up,Toss-Up,Likely-R,Solid-R,Likely-R,Solid-R,Lean-D,Likely-D,Lean-D,Solid-R,Solid-R,Likely-R,Toss-Up,Likely-D,Toss-Up,Toss-Up
FL-14,Solid-D,0,Solid-D,Solid-D,Solid-D,Solid-D,Solid-D,Solid-D,Solid-D,Solid-D,Solid-D,Solid-D,Solid-D,Solid-D,Solid-D,Solid-D,Solid-D,Solid-D,Solid-D,Solid-D,Solid-D,Solid-D,Solid-D,Solid-D
FL-15,Likely-R,2.6632231404958677,Solid-R,Lean-D,Likely-R,Solid-R,Likely-R,Solid-R,Toss-Up,Toss-Up,Solid-R,Solid-R,Solid-R,Likely-D,Likely-R,Solid-R,Solid-R,Solid-R,Toss-Up,Solid-R,Solid-R,Solid-R,Solid-R,Lean-D
FL-16,Lean-R,1.2892561983471076,Likely-R,Solid-R,Solid-R,Toss-Up,Likely-R,Solid-R,Toss-Up,Toss-Up,Solid-R,Solid-R,Toss-Up,Lean-R,Likely-R,Likely-R,Toss-Up,Likely-R,Likely-R,Lean-R,Likely-R,Lean-R,Solid-R,Solid-R
FL-17,Solid-R,0.44834710743801653,Solid-R,Solid-R,Solid-R,Solid-R,Solid-R,Solid-R,Solid-R,Likely-R,Solid-R,Solid-R,Solid-R,Toss-Up,Solid-R,Solid-R,Solid-R,Solid-R,Solid-R,Solid-R,Solid-R,Likely-R,Solid-R,Solid-R
FL-18,Likely-R,1.9359504132231404,Lean-R,Toss-Up,Toss-Up,Lean-R,Lean-R,Likely-D,Lean-D,Likely-R,Lean-D,Lean-D,Lean-R,Toss-Up,Toss-Up,Toss-Up,Likely-R,Likely-D,Solid-R,Toss-Up,Lean-R,Lean-R,Toss-Up,Solid-D
FL-19,Solid-R,0.2892561983471074,Solid-R,Solid-R,Solid-R,Solid-R,Solid-R,Solid-R,Solid-R,Solid-R,Solid-R,Solid-R,Solid-R,Solid-R,Solid-R,Likely-R,Solid-R,Likely-R,Solid-R,Solid-R,Lean-R,Likely-R,Solid-R,Likely-R
FL-20,Solid-D,0,Solid-D,Solid-D,Solid-D,Solid-D,Solid-D,Solid-D,Solid-D,Solid-D,Solid-D,Solid-D,Solid-D,Solid-D,Solid-D,Solid-D,Solid-D,Solid-D,Solid-D,Solid-D,Solid-D,Solid-D,Solid-D,Solid-D
FL-21,Solid-D,0,Solid-D,Solid-D,Solid-D,Solid-D,Solid-D,Solid-D,Solid-D,Solid-D,Solid-D,Solid-D,Solid-D,Solid-D,Solid-D,Solid-D,Solid-D,Solid-D,Solid-D,Solid-D,Solid-D,Solid-D,Solid-D,Solid-D
FL-22,Solid-D,0.1487603305785124,Solid-D,Solid-D,Solid-D,Solid-D,Solid-D,Likely-D,Solid-D,Solid-D,Solid-D,Solid-D,Solid-D,Solid-D,Solid-D,Solid-D,Solid-D,Likely-D,Solid-D,Likely-D,Solid-D,Solid-D,Likely-D,Solid-D
FL-23,Solid-D,0,Solid-D,Solid-D,Solid-D,Solid-D,Solid-D,Solid-D,Solid-D,Solid-D,Solid-D,Solid-D,Solid-D,Solid-D,Solid-D,Solid-D,Solid-D,Solid-D,Solid-D,Solid-D,Solid-D,Solid-D,Solid-D,Solid-D
FL-24,Solid-D,0,Solid-D,Solid-D,Solid-D,Solid-D,Solid-D,Solid-D,Solid-D,Solid-D,Solid-D,Solid-D,Solid-D,Solid-D,Solid-D,Solid-D,Solid-D,Solid-D,Solid-D,Solid-D,Solid-D,Solid-D,Solid-D,Solid-D
FL-25,Likely-R,0.4896694214876033,Likely-R,Likely-R,Solid-R,Solid-R,Solid-R,Solid-R,Solid-R,Solid-R,Solid-R,Solid-R,Solid-R,Solid-R,Solid-R,Likely-R,Likely-R,Solid-R,Solid-R,Solid-R,Solid-R,Toss-Up,Solid-R,Solid-R
FL-26,Lean-R,1.993801652892562,Toss-Up,Toss-Up,Lean-D,Lean-R,Lean-D,Likely-D,Lean-D,Lean-R,Toss-Up,Solid-D,Likely-D,Lean-D,Likely-R,Toss-Up,Solid-D,Lean-D,Lean-R,Lean-D,Solid-D,Toss-Up,Solid-D,Toss-Up
FL-27,Toss-Up,3.3987603305785123,Likely-D,Toss-Up,Likely-R,Toss-Up,Lean-D,Lean-D,Solid-R,Likely-R,Likely-R,Solid-D,Solid-R,Lean-D,Solid-R,Solid-R,Solid-R,Lean-R,Lean-D,Toss-Up,Toss-Up,Lean-D,Solid-R,Toss-Up
GA-01,Solid-R,1.322314049586777,Solid-R,Likely-R,Likely-R,Solid-R,Lean-D,Solid-R,Likely-R,Solid-R,Solid-R,Solid-R,Solid-R,Likely-R,Solid-R,Toss-Up,Solid-R,Solid-R,Solid-R,Solid-R,Solid-R,Solid-R,Toss-Up,Solid-R
GA-02,Solid-D,0.04338842975206612,Solid-D,Solid-D,Solid-D,Solid-D,Solid-D,Solid-D,Solid-D,Solid-D,Solid-D,Solid-D,Solid-D,Solid-D,Solid-D,Solid-D,Solid-D,Solid-D,Solid-D,Likely-D,Solid-D,Solid-D,Solid-D,Solid-D
GA-03,Solid-R,0.08264462809917356,Solid-R,Solid-R,Solid-R,Solid-R,Solid-R,Solid-R,Likely-R,Solid-R,Likely-R,Solid-R,Solid-R,Solid-R,Solid-R,Solid-R,Solid-R,Solid-R,Solid-R,Solid-R,Solid-R,Solid-R,Solid-R,Solid-R
GA-04,Solid-D,0,Solid-D,Solid-D,Solid-D,Solid-D,Solid-D,Solid-D,Solid-D,Solid-D,Solid-D,Solid-D,Solid-D,Solid-D,Solid-D,Solid-D,Solid-D,Solid-D,Solid-D,Solid-D,Solid-D,Solid-D,Solid-D,Solid-D
GA-05,Solid-D,0,Solid-D,Solid-D,Solid-D,Solid-D,Solid-D,Solid-D,Solid-D,Solid-D,Solid-D,Solid-D,Solid-D,Solid-D,Solid-D,Solid-D,Solid-D,Solid-D,Solid-D,Solid-D,Solid-D,Solid-D,Solid-D,Solid-D
GA-06,Lean-R,1.4132231404958677,Lean-R,Likely-R,Likely-R,Likely-R,Likely-R,Solid-R,Likely-R,Toss-Up,Toss-Up,Likely-R,Lean-R,Solid-R,Solid-R,Toss-Up,Likely-R,Lean-D,Toss-Up,Lean-R,Toss-Up,Toss-Up,Solid-R,Likely-R
GA-07,Lean-R,1.084710743801653,Lean-R,Likely-R,Solid-R,Likely-R,Likely-R,Likely-R,Solid-R,Likely-R,Likely-R,Lean-R,Likely-R,Solid-R,Solid-R,Toss-Up,Toss-Up,Likely-R,Toss-Up,Solid-R,Toss-Up,Likely-R,Lean-R,Solid-R
GA-08,Solid-R,0.11776859504132231,Solid-R,Solid-R,Solid-R,Solid-R,Solid-R,Solid-R,Likely-R,Likely-R,Solid-R,Solid-R,Solid-R,Solid-R,Solid-R,Likely-R,Solid-R,Solid-R,Solid-R,Solid-R,Solid-R,Solid-R,Solid-R,Solid-R
GA-09,Solid-R,0,Solid-R,Solid-R,Solid-R,Solid-R,Solid-R,Solid-R,Solid-R,Solid-R,Solid-R,Solid-R,Solid-R,Solid-R,Solid-R,Solid-R,Solid-R,Solid-R,Solid-R,Solid-R,Solid-R,Solid-R,Solid-R,Solid-R
GA-10,Solid-R,0.11776859504132231,Solid-R,Solid-R,Solid-R,Solid-R,Solid-R,Solid-R,Likely-R,Likely-R,Solid-R,Likely-R,Solid-R,Solid-R,Solid-R,Solid-R,Solid-R,Solid-R,Solid-R,Solid-R,Solid-R,Solid-R,Solid-R,Solid-R
GA-11,Solid-R,0.11776859504132231,Solid-R,Solid-R,Solid-R,Solid-R,Solid-R,Solid-R,Solid-R,Solid-R,Solid-R,Solid-R,Solid-R,Likely-R,Solid-R,Solid-R,Solid-R,Solid-R,Solid-R,Likely-R,Solid-R,Solid-R,Likely-R,Solid-R
GA-12,Solid-R,1.134297520661157,Solid-R,Toss-Up,Likely-R,Likely-R,Lean-R,Lean-R,Solid-R,Solid-R,Solid-R,Lean-R,Likely-R,Solid-R,Solid-R,Solid-R,Likely-R,Solid-R,Likely-R,Lean-R,Toss-Up,Likely-R,Solid-R,Toss-Up
GA-13,Solid-D,0,Solid-D,Solid-D,Solid-D,Solid-D,Solid-D,Solid-D,Solid-D,Solid-D,Solid-D,Solid-D,Solid-D,Solid-D,Solid-D,Solid-D,Solid-D,Solid-D,Solid-D,Solid-D,Solid-D,Solid-D,Solid-D,Solid-D
GA-14,Solid-R,0,Solid-R,Solid-R,Solid-R,Solid-R,Solid-R,Solid-R,Solid-R,Solid-R,Solid-R,Solid-R,Solid-R,Solid-R,Solid-R,Solid-R,Solid-R,Solid-R,Solid-R,Solid-R,Solid-R,Solid-R,Solid-R,Solid-R
HI-01,Solid-D,0,Solid-D,Solid-D,Solid-D,Solid-D,Solid-D,Solid-D,Solid-D,Solid-D,Solid-D,Solid-D,Solid-D,Solid-D,Solid-D,Solid-D,Solid-D,Solid-D,Solid-D,Solid-D,Solid-D,Solid-D,Solid-D,Solid-D
HI-02,Solid-D,0,Solid-D,Solid-D,Solid-D,Solid-D,Solid-D,Solid-D,Solid-D,Solid-D,Solid-D,Solid-D,Solid-D,Solid-D,Solid-D,Solid-D,Solid-D,Solid-D,Solid-D,Solid-D,Solid-D,Solid-D,Solid-D,Solid-D
IA-01,Lean-D,1,Toss-Up,Likely-D,Lean-R,Lean-R,Lean-D,Toss-Up,Toss-Up,Likely-D,Lean-R,Toss-Up,Lean-D,Toss-Up,Lean-R,Lean-D,Toss-Up,Lean-R,Lean-R,Lean-D,Toss-Up,Likely-R,Toss-Up,Toss-Up
IA-02,Likely-D,1.9752066115702478,Likely-D,Solid-D,Lean-D,Lean-D,Likely-D,Likely-D,Lean-R,Toss-Up,Lean-D,Solid-D,Lean-R,Lean-D,Lean-D,Solid-D,Solid-D,Lean-R,Solid-D,Solid-D,Solid-D,Likely-D,Toss-Up,Solid-D
IA-03,Toss-Up,1.2479338842975207,Toss-Up,Toss-Up,Toss-Up,Likely-R,Lean-R,Toss-Up,Toss-Up,Toss-Up,Lean-R,Likely-R,Toss-Up,Likely-R,Solid-R,Toss-Up,Likely-D,Toss-Up,Lean-R,Lean-D,Lean-R,Likely-R,Toss-Up,Toss-Up
IA-04,Likely-R,0.7954545454545454,Likely-R,Solid-R,Solid-R,Solid-R,Solid-R,Solid-R,Solid-R,Likely-R,Solid-R,Solid-R,Solid-R,Solid-R,Likely-R,Likely-R,Likely-R,Toss-Up,Solid-R,Solid-R,Solid-R,Solid-R,Solid-R,Toss-Up
ID-01,Solid-R,0.04338842975206612,Solid-R,Solid-R,Solid-R,Solid-R,Solid-R,Solid-R,Solid-R,Solid-R,Solid-R,Solid-R,Solid-R,Solid-R,Solid-R,Solid-R,Solid-R,Solid-R,Solid-R,Solid-R,Solid-R,Likely-R,Solid-R,Solid-R
ID-02,Solid-R,0.44834710743801653,Likely-R,Solid-R,Solid-R,Solid-R,Solid-R,Solid-R,Solid-R,Solid-R,Solid-R,Solid-R,Solid-R,Solid-R,Solid-R,Solid-R,Toss-Up,Solid-R,Solid-R,Likely-R,Solid-R,Solid-R,Solid-R,Solid-R
IL-01,Solid-D,0,Solid-D,Solid-D,Solid-D,Solid-D,Solid-D,Solid-D,Solid-D,Solid-D,Solid-D,Solid-D,Solid-D,Solid-D,Solid-D,Solid-D,Solid-D,Solid-D,Solid-D,Solid-D,Solid-D,Solid-D,Solid-D,Solid-D
IL-02,Solid-D,0,Solid-D,Solid-D,Solid-D,Solid-D,Solid-D,Solid-D,Solid-D,Solid-D,Solid-D,Solid-D,Solid-D,Solid-D,Solid-D,Solid-D,Solid-D,Solid-D,Solid-D,Solid-D,Solid-D,Solid-D,Solid-D,Solid-D
IL-03,Solid-D,0,Solid-D,Solid-D,Solid-D,Solid-D,Solid-D,Solid-D,Solid-D,Solid-D,Solid-D,Solid-D,Solid-D,Solid-D,Solid-D,Solid-D,Solid-D,Solid-D,Solid-D,Solid-D,Solid-D,Solid-D,Solid-D,Solid-D
IL-04,Solid-D,0,Solid-D,Solid-D,Solid-D,Solid-D,Solid-D,Solid-D,Solid-D,Solid-D,Solid-D,Solid-D,Solid-D,Solid-D,Solid-D,Solid-D,Solid-D,Solid-D,Solid-D,Solid-D,Solid-D,Solid-D,Solid-D,Solid-D
IL-05,Solid-D,0,Solid-D,Solid-D,Solid-D,Solid-D,Solid-D,Solid-D,Solid-D,Solid-D,Solid-D,Solid-D,Solid-D,Solid-D,Solid-D,Solid-D,Solid-D,Solid-D,Solid-D,Solid-D,Solid-D,Solid-D,Solid-D,Solid-D
IL-06,Toss-Up,1.6053719008264462,Toss-Up,Toss-Up,Toss-Up,Lean-D,Lean-D,Lean-R,Lean-D,Toss-Up,Toss-Up,Toss-Up,Toss-Up,Lean-R,Lean-R,Lean-R,Likely-R,Toss-Up,Likely-D,Lean-D,Likely-R,Lean-R,Solid-R,Solid-R
IL-07,Solid-D,0,Solid-D,Solid-D,Solid-D,Solid-D,Solid-D,Solid-D,Solid-D,Solid-D,Solid-D,Solid-D,Solid-D,Solid-D,Solid-D,Solid-D,Solid-D,Solid-D,Solid-D,Solid-D,Solid-D,Solid-D,Solid-D,Solid-D
IL-08,Solid-D,0.1487603305785124,Solid-D,Solid-D,Solid-D,Likely-D,Solid-D,Solid-D,Solid-D,Solid-D,Solid-D,Solid-D,Likely-D,Solid-D,Solid-D,Likely-D,Solid-D,Likely-D,Solid-D,Solid-D,Solid-D,Solid-D,Solid-D,Solid-D
IL-09,Solid-D,0,Solid-D,Solid-D,Solid-D,Solid-D,Solid-D,Solid-D,Solid-D,Solid-D,Solid-D,Solid-D,Solid-D,Solid-D,Solid-D,Solid-D,Solid-D,Solid-D,Solid-D,Solid-D,Solid-D,Solid-D,Solid-D,Solid-D
IL-10,Solid-D,0.9752066115702479,Likely-D,Solid-D,Likely-D,Solid-D,Solid-D,Solid-D,Solid-D,Lean-D,Solid-D,Solid-D,Solid-D,Solid-D,Likely-D,Lean-R,Solid-D,Solid-D,Solid-D,Likely-D,Solid-D,Solid-D,Lean-D,Solid-D
IL-11,Solid-D,0.08264462809917356,Solid-D,Likely-D,Solid-D,Solid-D,Solid-D,Solid-D,Solid-D,Solid-D,Solid-D,Solid-D,Solid-D,Likely-D,Solid-D,Solid-D,Solid-D,Solid-D,Solid-D,Solid-D,Solid-D,Solid-D,Solid-D,Solid-D
IL-12,Lean-R,1.2314049586776858,Likely-R,Toss-Up,Likely-R,Lean-R,Solid-R,Toss-Up,Toss-Up,Toss-Up,Likely-R,Solid-R,Solid-R,Likely-R,Likely-R,Toss-Up,Lean-D,Lean-R,Likely-R,Likely-R,Lean-R,Likely-R,Likely-R,Lean-R
IL-13,Lean-R,1.5392561983471074,Toss-Up,Solid-R,Toss-Up,Likely-R,Toss-Up,Lean-R,Toss-Up,Likely-R,Toss-Up,Lean-R,Likely-R,Lean-R,Likely-D,Toss-Up,Toss-Up,Likely-R,Toss-Up,Lean-D,Lean-R,Solid-R,Toss-Up,Likely-R
IL-14,Lean-R,1.4545454545454546,Toss-Up,Toss-Up,Toss-Up,Lean-D,Solid-R,Toss-Up,Likely-R,Likely-R,Lean-R,Lean-R,Lean-R,Solid-R,Toss-Up,Lean-D,Likely-R,Solid-R,Lean-R,Likely-R,Lean-R,Toss-Up,Likely-R,Toss-Up
IL-15,Solid-R,0.04338842975206612,Solid-R,Solid-R,Solid-R,Solid-R,Solid-R,Solid-R,Solid-R,Solid-R,Solid-R,Solid-R,Solid-R,Solid-R,Solid-R,Solid-R,Solid-R,Solid-R,Solid-R,Solid-R,Solid-R,Solid-R,Likely-R,Solid-R
IL-16,Solid-R,1.0681818181818181,Solid-R,Likely-R,Solid-R,Solid-R,Solid-R,Solid-R,Solid-R,Likely-R,Solid-R,Solid-R,Solid-R,Solid-R,Solid-R,Solid-R,Solid-R,Likely-R,Solid-R,Lean-D,Toss-Up,Likely-R,Solid-R,Solid-R
IL-17,Likely-D,0.3078512396694215,Solid-D,Solid-D,Solid-D,Likely-D,Likely-D,Solid-D,Solid-D,Solid-D,Solid-D,Likely-D,Solid-D,Solid-D,Likely-D,Solid-D,Solid-D,Solid-D,Solid-D,Solid-D,Lean-D,Likely-D,Solid-D,Solid-D
IL-18,Solid-R,0.04338842975206612,Solid-R,Likely-R,Solid-R,Solid-R,Solid-R,Solid-R,Solid-R,Solid-R,Solid-R,Solid-R,Solid-R,Solid-R,Solid-R,Solid-R,Solid-R,Solid-R,Solid-R,Solid-R,Solid-R,Solid-R,Solid-R,Solid-R
IN-01,Solid-D,0.04338842975206612,Solid-D,Solid-D,Solid-D,Solid-D,Solid-D,Solid-D,Solid-D,Solid-D,Solid-D,Solid-D,Solid-D,Solid-D,Solid-D,Solid-D,Solid-D,Solid-D,Solid-D,Solid-D,Solid-D,Solid-D,Likely-D,Solid-D
IN-02,Likely-R,0.8677685950413223,Solid-R,Likely-R,Toss-Up,Solid-R,Solid-R,Likely-R,Solid-R,Solid-R,Solid-R,Solid-R,Likely-R,Likely-R,Solid-R,Solid-R,Solid-R,Solid-R,Solid-R,Likely-R,Toss-Up,Likely-R,Solid-R,Lean-R
IN-03,Solid-R,0,Solid-R,Solid-R,Solid-R,Solid-R,Solid-R,Solid-R,Solid-R,Solid-R,Solid-R,Solid-R,Solid-R,Solid-R,Solid-R,Solid-R,Solid-R,Solid-R,Solid-R,Solid-R,Solid-R,Solid-R,Solid-R,Solid-R
IN-04,Solid-R,0.04338842975206612,Solid-R,Solid-R,Solid-R,Solid-R,Solid-R,Likely-R,Solid-R,Solid-R,Solid-R,Solid-R,Solid-R,Solid-R,Solid-R,Solid-R,Solid-R,Solid-R,Solid-R,Solid-R,Solid-R,Solid-R,Solid-R,Solid-R
IN-05,Solid-R,0.38016528925619836,Likely-R,Likely-R,Solid-R,Solid-R,Likely-R,Solid-R,Solid-R,Likely-R,Solid-R,Solid-R,Likely-R,Likely-R,Solid-R,Lean-R,Solid-R,Lean-R,Likely-R,Likely-R,Likely-R,Likely-R,Likely-R,Likely-R
IN-06,Solid-R,0,Solid-R,Solid-R,Solid-R,Solid-R,Solid-R,Solid-R,Solid-R,Solid-R,Solid-R,Solid-R,Solid-R,Solid-R,Solid-R,Solid-R,Solid-R,Solid-R,Solid-R,Solid-R,Solid-R,Solid-R,Solid-R,Solid-R
IN-07,Solid-D,0,Solid-D,Solid-D,Solid-D,Solid-D,Solid-D,Solid-D,Solid-D,Solid-D,Solid-D,Solid-D,Solid-D,Solid-D,Solid-D,Solid-D,Solid-D,Solid-D,Solid-D,Solid-D,Solid-D,Solid-D,Solid-D,Solid-D
IN-08,Solid-R,0.08264462809917356,Solid-R,Solid-R,Solid-R,Solid-R,Solid-R,Solid-R,Solid-R,Solid-R,Likely-R,Solid-R,Solid-R,Solid-R,Solid-R,Solid-R,Solid-R,Solid-R,Likely-R,Solid-R,Solid-R,Solid-R,Solid-R,Solid-R
IN-09,Likely-R,0.5206611570247934,Solid-R,Likely-R,Solid-R,Likely-R,Likely-R,Solid-R,Solid-R,Likely-R,Solid-R,Solid-R,Solid-R,Solid-R,Solid-R,Solid-R,Solid-R,Solid-R,Likely-R,Solid-R,Solid-R,Likely-R,Toss-Up,Likely-R
KS-01,Solid-R,0.04338842975206612,Solid-R,Solid-R,Solid-R,Solid-R,Solid-R,Solid-R,Solid-R,Solid-R,Solid-R,Solid-R,Solid-R,Solid-R,Solid-R,Solid-R,Solid-R,Solid-R,Solid-R,Solid-R,Solid-R,Solid-R,Likely-R,Solid-R
KS-02,Toss-Up,0.5206611570247934,Solid-R,Likely-R,Solid-R,Solid-R,Likely-R,Solid-R,Lean-R,Solid-R,Solid-R,Solid-R,Solid-R,Solid-R,Solid-R,Lean-R,Likely-R,Solid-R,Solid-R,Solid-R,Solid-R,Lean-R,Solid-R,Likely-R
KS-03,Toss-Up,2.520661157024793,Toss-Up,Likely-R,Lean-D,Likely-R,Likely-D,Lean-D,Likely-R,Solid-R,Solid-R,Toss-Up,Solid-R,Toss-Up,Solid-R,Solid-R,Likely-R,Solid-R,Solid-R,Likely-R,Solid-R,Toss-Up,Likely-R,Toss-Up
KS-04,Likely-R,0,Solid-R,Solid-R,Solid-R,Solid-R,Solid-R,Solid-R,Solid-R,Solid-R,Solid-R,Solid-R,Solid-R,Solid-R,Solid-R,Solid-R,Solid-R,Solid-R,Solid-R,Solid-R,Solid-R,Solid-R,Solid-R,Solid-R
KY-01,Solid-R,0,Solid-R,Solid-R,Solid-R,Solid-R,Solid-R,Solid-R,Solid-R,Solid-R,Solid-R,Solid-R,Solid-R,Solid-R,Solid-R,Solid-R,Solid-R,Solid-R,Solid-R,Solid-R,Solid-R,Solid-R,Solid-R,Solid-R
KY-02,Solid-R,0.04338842975206612,Solid-R,Solid-R,Solid-R,Solid-R,Solid-R,Solid-R,Solid-R,Solid-R,Solid-R,Solid-R,Likely-R,Solid-R,Solid-R,Solid-R,Solid-R,Solid-R,Solid-R,Solid-R,Solid-R,Solid-R,Solid-R,Solid-R
KY-03,Solid-D,0.04338842975206612,Solid-D,Solid-D,Solid-D,Solid-D,Solid-D,Solid-D,Solid-D,Solid-D,Solid-D,Solid-D,Solid-D,Solid-D,Likely-D,Solid-D,Solid-D,Solid-D,Solid-D,Solid-D,Solid-D,Solid-D,Solid-D,Solid-D
KY-04,Solid-R,0,Solid-R,Solid-R,Solid-R,Solid-R,Solid-R,Solid-R,Solid-R,Solid-R,Solid-R,Solid-R,Solid-R,Solid-R,Solid-R,Solid-R,Solid-R,Solid-R,Solid-R,Solid-R,Solid-R,Solid-R,Solid-R,Solid-R
KY-05,Solid-R,0,Solid-R,Solid-R,Solid-R,Solid-R,Solid-R,Solid-R,Solid-R,Solid-R,Solid-R,Solid-R,Solid-R,Solid-R,Solid-R,Solid-R,Solid-R,Solid-R,Solid-R,Solid-R,Solid-R,Solid-R,Solid-R,Solid-R
KY-06,Toss-Up,0.6053719008264462,Solid-R,Lean-R,Solid-R,Solid-R,Likely-R,Solid-R,Solid-R,Solid-R,Solid-R,Solid-R,Solid-R,Solid-R,Likely-R,Likely-R,Solid-R,Likely-R,Likely-R,Likely-R,Toss-Up,Likely-R,Solid-R,Likely-R
MA-01,Solid-D,0,Solid-D,Solid-D,Solid-D,Solid-D,Solid-D,Solid-D,Solid-D,Solid-D,Solid-D,Solid-D,Solid-D,Solid-D,Solid-D,Solid-D,Solid-D,Solid-D,Solid-D,Solid-D,Solid-D,Solid-D,Solid-D,Solid-D
MA-02,Solid-D,0,Solid-D,Solid-D,Solid-D,Solid-D,Solid-D,Solid-D,Solid-D,Solid-D,Solid-D,Solid-D,Solid-D,Solid-D,Solid-D,Solid-D,Solid-D,Solid-D,Solid-D,Solid-D,Solid-D,Solid-D,Solid-D,Solid-D
MA-03,Solid-D,0,Solid-D,Solid-D,Solid-D,Solid-D,Solid-D,Solid-D,Solid-D,Solid-D,Solid-D,Solid-D,Solid-D,Solid-D,Solid-D,Solid-D,Solid-D,Solid-D,Solid-D,Solid-D,Solid-D,Solid-D,Solid-D,Solid-D
MA-04,Solid-D,0,Solid-D,Solid-D,Solid-D,Solid-D,Solid-D,Solid-D,Solid-D,Solid-D,Solid-D,Solid-D,Solid-D,Solid-D,Solid-D,Solid-D,Solid-D,Solid-D,Solid-D,Solid-D,Solid-D,Solid-D,Solid-D,Solid-D
MA-05,Solid-D,0,Solid-D,Solid-D,Solid-D,Solid-D,Solid-D,Solid-D,Solid-D,Solid-D,Solid-D,Solid-D,Solid-D,Solid-D,Solid-D,Solid-D,Solid-D,Solid-D,Solid-D,Solid-D,Solid-D,Solid-D,Solid-D,Solid-D
MA-06,Solid-D,0.04338842975206612,Solid-D,Solid-D,Solid-D,Solid-D,Solid-D,Solid-D,Likely-D,Solid-D,Solid-D,Solid-D,Solid-D,Solid-D,Solid-D,Solid-D,Solid-D,Solid-D,Solid-D,Solid-D,Solid-D,Solid-D,Solid-D,Solid-D
MA-07,Solid-D,0,Solid-D,Solid-D,Solid-D,Solid-D,Solid-D,Solid-D,Solid-D,Solid-D,Solid-D,Solid-D,Solid-D,Solid-D,Solid-D,Solid-D,Solid-D,Solid-D,Solid-D,Solid-D,Solid-D,Solid-D,Solid-D,Solid-D
MA-08,Solid-D,0,Solid-D,Solid-D,Solid-D,Solid-D,Solid-D,Solid-D,Solid-D,Solid-D,Solid-D,Solid-D,Solid-D,Solid-D,Solid-D,Solid-D,Solid-D,Solid-D,Solid-D,Solid-D,Solid-D,Solid-D,Solid-D,Solid-D
MA-09,Likely-D,0.08264462809917356,Solid-D,Solid-D,Solid-D,Solid-D,Solid-D,Solid-D,Likely-D,Solid-D,Solid-D,Solid-D,Solid-D,Solid-D,Solid-D,Solid-D,Solid-D,Solid-D,Solid-D,Solid-D,Likely-D,Solid-D,Solid-D,Solid-D
MD-01,Solid-R,0.08264462809917356,Solid-R,Solid-R,Solid-R,Solid-R,Likely-R,Solid-R,Solid-R,Solid-R,Solid-R,Solid-R,Solid-R,Solid-R,Solid-R,Solid-R,Solid-R,Solid-R,Likely-R,Solid-R,Solid-R,Solid-R,Solid-R,Solid-R
MD-02,Solid-D,0,Solid-D,Solid-D,Solid-D,Solid-D,Solid-D,Solid-D,Solid-D,Solid-D,Solid-D,Solid-D,Solid-D,Solid-D,Solid-D,Solid-D,Solid-D,Solid-D,Solid-D,Solid-D,Solid-D,Solid-D,Solid-D,Solid-D
MD-03,Solid-D,0,Solid-D,Solid-D,Solid-D,Solid-D,Solid-D,Solid-D,Solid-D,Solid-D,Solid-D,Solid-D,Solid-D,Solid-D,Solid-D,Solid-D,Solid-D,Solid-D,Solid-D,Solid-D,Solid-D,Solid-D,Solid-D,Solid-D
MD-04,Solid-D,0,Solid-D,Solid-D,Solid-D,Solid-D,Solid-D,Solid-D,Solid-D,Solid-D,Solid-D,Solid-D,Solid-D,Solid-D,Solid-D,Solid-D,Solid-D,Solid-D,Solid-D,Solid-D,Solid-D,Solid-D,Solid-D,Solid-D
MD-05,Solid-D,0,Solid-D,Solid-D,Solid-D,Solid-D,Solid-D,Solid-D,Solid-D,Solid-D,Solid-D,Solid-D,Solid-D,Solid-D,Solid-D,Solid-D,Solid-D,Solid-D,Solid-D,Solid-D,Solid-D,Solid-D,Solid-D,Solid-D
MD-06,Likely-D,0.1487603305785124,Solid-D,Solid-D,Solid-D,Solid-D,Solid-D,Likely-D,Solid-D,Solid-D,Solid-D,Solid-D,Solid-D,Solid-D,Solid-D,Likely-D,Solid-D,Solid-D,Solid-D,Solid-D,Likely-D,Likely-D,Solid-D,Solid-D
MD-07,Solid-D,0,Solid-D,Solid-D,Solid-D,Solid-D,Solid-D,Solid-D,Solid-D,Solid-D,Solid-D,Solid-D,Solid-D,Solid-D,Solid-D,Solid-D,Solid-D,Solid-D,Solid-D,Solid-D,Solid-D,Solid-D,Solid-D,Solid-D
MD-08,Solid-D,0,Solid-D,Solid-D,Solid-D,Solid-D,Solid-D,Solid-D,Solid-D,Solid-D,Solid-D,Solid-D,Solid-D,Solid-D,Solid-D,Solid-D,Solid-D,Solid-D,Solid-D,Solid-D,Solid-D,Solid-D,Solid-D,Solid-D
ME-01,Solid-D,0.04338842975206612,Solid-D,Solid-D,Solid-D,Solid-D,Solid-D,Solid-D,Solid-D,Solid-D,Solid-D,Solid-D,Solid-D,Solid-D,Solid-D,Solid-D,Likely-D,Solid-D,Solid-D,Solid-D,Solid-D,Solid-D,Solid-D,Solid-D
ME-02,Toss-Up,1.3388429752066116,Lean-R,Lean-D,Lean-R,Likely-R,Toss-Up,Toss-Up,Lean-R,Lean-D,Lean-R,Lean-R,Likely-R,Lean-D,Likely-D,Likely-R,Toss-Up,Toss-Up,Likely-R,Toss-Up,Likely-R,Toss-Up,Toss-Up,Likely-R
MI-01,Likely-R,1.0268595041322315,Likely-R,Likely-R,Lean-R,Likely-R,Solid-R,Toss-Up,Solid-R,Solid-R,Lean-R,Likely-R,Likely-R,Solid-R,Solid-R,Solid-R,Solid-R,Lean-R,Lean-R,Likely-R,Toss-Up,Likely-R,Toss-Up,Likely-R
MI-02,Solid-R,0.6859504132231405,Solid-R,Likely-R,Solid-R,Solid-R,Likely-R,Solid-R,Solid-R,Toss-Up,Likely-R,Solid-R,Likely-R,Lean-R,Solid-R,Likely-R,Likely-R,Solid-R,Likely-R,Solid-R,Solid-R,Solid-R,Solid-R,Lean-R
MI-03,Solid-R,1.1074380165289257,Likely-R,Lean-R,Toss-Up,Likely-R,Toss-Up,Solid-R,Likely-R,Lean-R,Lean-R,Toss-Up,Lean-R,Toss-Up,Likely-R,Solid-R,Toss-Up,Toss-Up,Toss-Up,Likely-R,Solid-R,Likely-R,Lean-R,Likely-R
MI-04,Solid-R,0.7024793388429752,Toss-Up,Solid-R,Lean-R,Solid-R,Solid-R,Solid-R,Solid-R,Likely-R,Solid-R,Solid-R,Solid-R,Likely-R,Solid-R,Solid-R,Solid-R,Solid-R,Likely-R,Likely-R,Likely-R,Solid-R,Lean-R,Solid-R
MI-05,Likely-D,0,Solid-D,Solid-D,Solid-D,Solid-D,Solid-D,Solid-D,Solid-D,Solid-D,Solid-D,Solid-D,Solid-D,Solid-D,Solid-D,Solid-D,Solid-D,Solid-D,Solid-D,Solid-D,Solid-D,Solid-D,Solid-D,Solid-D
MI-06,Likely-R,1.628099173553719,Solid-R,Toss-Up,Toss-Up,Toss-Up,Lean-R,Lean-R,Lean-R,Likely-D,Likely-R,Likely-R,Lean-R,Toss-Up,Likely-R,Toss-Up,Toss-Up,Lean-D,Lean-R,Solid-R,Toss-Up,Likely-R,Lean-R,Solid-R
MI-07,Likely-R,1.2417355371900827,Likely-R,Likely-R,Likely-R,Lean-R,Likely-R,Solid-R,Lean-R,Lean-R,Likely-R,Solid-R,Likely-R,Toss-Up,Toss-Up,Solid-R,Toss-Up,Lean-R,Solid-R,Solid-R,Toss-Up,Toss-Up,Lean-R,Solid-R
MI-08,Toss-Up,1.512396694214876,Likely-R,Lean-R,Lean-R,Toss-Up,Toss-Up,Toss-Up,Likely-R,Toss-Up,Lean-R,Lean-D,Toss-Up,Lean-R,Toss-Up,Toss-Up,Solid-R,Lean-R,Likely-R,Solid-R,Likely-R,Likely-D,Toss-Up,Likely-R
MI-09,Solid-D,0.08264462809917356,Solid-D,Solid-D,Solid-D,Solid-D,Solid-D,Solid-D,Likely-D,Solid-D,Solid-D,Solid-D,Solid-D,Solid-D,Solid-D,Solid-D,Solid-D,Solid-D,Solid-D,Solid-D,Solid-D,Likely-D,Solid-D,Solid-D
MI-10,Solid-R,0.08264462809917356,Solid-R,Solid-R,Solid-R,Solid-R,Solid-R,Solid-R,Likely-R,Solid-R,Solid-R,Solid-R,Solid-R,Solid-R,Solid-R,Solid-R,Solid-R,Solid-R,Solid-R,Solid-R,Solid-R,Solid-R,Solid-R,Likely-R
MI-11,Toss-Up,1.2417355371900827,Toss-Up,Likely-R,Lean-R,Toss-Up,Likely-R,Lean-R,Solid-R,Toss-Up,Toss-Up,Toss-Up,Toss-Up,Toss-Up,Toss-Up,Likely-R,Likely-R,Lean-R,Lean-D,Lean-R,Toss-Up,Toss-Up,Lean-R,Likely-D
MI-12,Solid-D,0,Solid-D,Solid-D,Solid-D,Solid-D,Solid-D,Solid-D,Solid-D,Solid-D,Solid-D,Solid-D,Solid-D,Solid-D,Solid-D,Solid-D,Solid-D,Solid-D,Solid-D,Solid-D,Solid-D,Solid-D,Solid-D,Solid-D
MI-13,Solid-D,0,Solid-D,Solid-D,Solid-D,Solid-D,Solid-D,Solid-D,Solid-D,Solid-D,Solid-D,Solid-D,Solid-D,Solid-D,Solid-D,Solid-D,Solid-D,Solid-D,Solid-D,Solid-D,Solid-D,Solid-D,Solid-D,Solid-D
MI-14,Solid-D,0,Solid-D,Solid-D,Solid-D,Solid-D,Solid-D,Solid-D,Solid-D,Solid-D,Solid-D,Solid-D,Solid-D,Solid-D,Solid-D,Solid-D,Solid-D,Solid-D,Solid-D,Solid-D,Solid-D,Solid-D,Solid-D,Solid-D
MN-01,Toss-Up,2.4318181818181817,Lean-R,Likely-D,Lean-D,Toss-Up,Lean-D,Likely-R,Lean-R,Likely-D,Likely-D,Lean-D,Lean-R,Lean-R,Solid-D,Solid-D,Likely-R,Lean-D,Likely-D,Toss-Up,Likely-D,Toss-Up,Lean-D,Likely-R
MN-02,Toss-Up,1.0351239669421488,Likely-D,Toss-Up,Likely-D,Toss-Up,Toss-Up,Toss-Up,Lean-D,Lean-D,Toss-Up,Lean-R,Lean-D,Lean-R,Likely-D,Lean-R,Likely-R,Lean-D,Toss-Up,Lean-D,Toss-Up,Toss-Up,Lean-D,Toss-Up
MN-03,Lean-D,0.5619834710743802,Lean-D,Toss-Up,Lean-D,Toss-Up,Toss-Up,Toss-Up,Lean-R,Toss-Up,Lean-D,Lean-D,Lean-R,Toss-Up,Toss-Up,Likely-D,Toss-Up,Likely-D,Toss-Up,Toss-Up,Toss-Up,Toss-Up,Toss-Up,Toss-Up
MN-04,Solid-D,0,Solid-D,Solid-D,Solid-D,Solid-D,Solid-D,Solid-D,Solid-D,Solid-D,Solid-D,Solid-D,Solid-D,Solid-D,Solid-D,Solid-D,Solid-D,Solid-D,Solid-D,Solid-D,Solid-D,Solid-D,Solid-D,Solid-D
MN-05,Solid-D,0,Solid-D,Solid-D,Solid-D,Solid-D,Solid-D,Solid-D,Solid-D,Solid-D,Solid-D,Solid-D,Solid-D,Solid-D,Solid-D,Solid-D,Solid-D,Solid-D,Solid-D,Solid-D,Solid-D,Solid-D,Solid-D,Solid-D
MN-06,Solid-R,0.7954545454545454,Likely-R,Likely-R,Solid-R,Solid-R,Solid-R,Solid-R,Solid-R,Solid-R,Toss-Up,Solid-R,Solid-R,Solid-R,Solid-R,Toss-Up,Solid-R,Likely-R,Solid-R,Solid-R,Likely-R,Solid-R,Solid-R,Likely-R
MN-07,Likely-D,3.489669421487603,Toss-Up,Lean-R,Likely-R,Toss-Up,Likely-D,Lean-R,Likely-R,Lean-D,Lean-R,Lean-D,Solid-D,Likely-R,Solid-R,Lean-D,Likely-R,Solid-D,Likely-R,Likely-D,Lean-R,Likely-R,Likely-D,Solid-R
MN-08,Lean-R,2.2892561983471076,Toss-Up,Likely-D,Toss-Up,Lean-D,Lean-R,Lean-R,Lean-D,Lean-D,Likely-D,Likely-R,Lean-R,Likely-R,Lean-D,Likely-D,Toss-Up,Likely-R,Solid-D,Likely-D,Toss-Up,Toss-Up,Likely-D,Likely-R
MO-01,Solid-D,0,Solid-D,Solid-D,Solid-D,Solid-D,Solid-D,Solid-D,Solid-D,Solid-D,Solid-D,Solid-D,Solid-D,Solid-D,Solid-D,Solid-D,Solid-D,Solid-D,Solid-D,Solid-D,Solid-D,Solid-D,Solid-D,Solid-D
MO-02,Likely-R,0.8615702479338843,Solid-R,Likely-R,Solid-R,Likely-R,Solid-R,Solid-R,Likely-R,Likely-R,Lean-R,Likely-R,Solid-R,Solid-R,Solid-R,Lean-R,Toss-Up,Lean-R,Likely-R,Toss-Up,Lean-R,Likely-R,Likely-R,Likely-R
MO-03,Solid-R,0,Solid-R,Solid-R,Solid-R,Solid-R,Solid-R,Solid-R,Solid-R,Solid-R,Solid-R,Solid-R,Solid-R,Solid-R,Solid-R,Solid-R,Solid-R,Solid-R,Solid-R,Solid-R,Solid-R,Solid-R,Solid-R,Solid-R
MO-04,Solid-R,0.04338842975206612,Solid-R,Solid-R,Solid-R,Solid-R,Solid-R,Solid-R,Solid-R,Solid-R,Solid-R,Solid-R,Solid-R,Solid-R,Solid-R,Solid-R,Solid-R,Solid-R,Solid-R,Solid-R,Solid-R,Solid-R,Solid-R,Likely-R
MO-05,Solid-D,0.08264462809917356,Solid-D,Likely-D,Solid-D,Solid-D,Solid-D,Solid-D,Solid-D,Solid-D,Solid-D,Likely-D,Solid-D,Solid-D,Solid-D,Solid-D,Solid-D,Solid-D,Solid-D,Solid-D,Solid-D,Solid-D,Solid-D,Solid-D
MO-06,Solid-R,0.04338842975206612,Solid-R,Solid-R,Solid-R,Solid-R,Solid-R,Solid-R,Solid-R,Solid-R,Solid-R,Solid-R,Solid-R,Solid-R,Solid-R,Solid-R,Solid-R,Solid-R,Likely-R,Solid-R,Solid-R,Solid-R,Solid-R,Solid-R
MO-07,Solid-R,0,Solid-R,Solid-R,Solid-R,Solid-R,Solid-R,Solid-R,Solid-R,Solid-R,Solid-R,Solid-R,Solid-R,Solid-R,Solid-R,Solid-R,Solid-R,Solid-R,Solid-R,Solid-R,Solid-R,Solid-R,Solid-R,Solid-R
MO-08,Solid-R,0,Solid-R,Solid-R,Solid-R,Solid-R,Solid-R,Solid-R,Solid-R,Solid-R,Solid-R,Solid-R,Solid-R,Solid-R,Solid-R,Solid-R,Solid-R,Solid-R,Solid-R,Solid-R,Solid-R,Solid-R,Solid-R,Solid-R
MS-01,Solid-R,0.04338842975206612,Solid-R,Solid-R,Solid-R,Solid-R,Solid-R,Solid-R,Solid-R,Solid-R,Solid-R,Solid-R,Solid-R,Solid-R,Solid-R,Solid-R,Solid-R,Solid-R,Solid-R,Solid-R,Likely-R,Solid-R,Solid-R,Solid-R
MS-02,Solid-D,0,Solid-D,Solid-D,Solid-D,Solid-D,Solid-D,Solid-D,Solid-D,Solid-D,Solid-D,Solid-D,Solid-D,Solid-D,Solid-D,Solid-D,Solid-D,Solid-D,Solid-D,Solid-D,Solid-D,Solid-D,Solid-D,Solid-D
MS-03,Solid-R,0.11776859504132231,Solid-R,Solid-R,Solid-R,Solid-R,Solid-R,Solid-R,Solid-R,Solid-R,Solid-R,Likely-R,Solid-R,Solid-R,Solid-R,Solid-R,Solid-R,Solid-R,Likely-R,Likely-R,Solid-R,Solid-R,Solid-R,Solid-R
MS-04,Solid-R,0,Solid-R,Solid-R,Solid-R,Solid-R,Solid-R,Solid-R,Solid-R,Solid-R,Solid-R,Solid-R,Solid-R,Solid-R,Solid-R,Solid-R,Solid-R,Solid-R,Solid-R,Solid-R,Solid-R,Solid-R,Solid-R,Solid-R
MT-00,Likely-R,0.8099173553719008,Solid-R,Likely-R,Solid-R,Likely-R,Likely-R,Toss-Up,Likely-R,Solid-R,Likely-R,Solid-R,Likely-R,Solid-R,Lean-R,Likely-R,Lean-R,Solid-R,Solid-R,Toss-Up,Likely-R,Likely-R,Likely-R,Solid-R
NC-01,Solid-D,0,Solid-D,Solid-D,Solid-D,Solid-D,Solid-D,Solid-D,Solid-D,Solid-D,Solid-D,Solid-D,Solid-D,Solid-D,Solid-D,Solid-D,Solid-D,Solid-D,Solid-D,Solid-D,Solid-D,Solid-D,Solid-D,Solid-D
NC-02,Toss-Up,1.3409090909090908,Lean-R,Toss-Up,Likely-R,Solid-R,Solid-R,Lean-R,Likely-R,Toss-Up,Likely-R,Likely-R,Solid-R,Lean-R,Toss-Up,Solid-R,Toss-Up,Solid-R,Lean-R,Toss-Up,Solid-R,Lean-R,Likely-R,Toss-Up
NC-03,Solid-R,0.08264462809917356,Solid-R,Solid-R,Solid-R,Solid-R,Solid-R,Solid-R,Solid-R,Solid-R,Solid-R,Solid-R,Likely-R,Solid-R,Solid-R,Solid-R,Solid-R,Solid-R,Likely-R,Solid-R,Solid-R,Solid-R,Solid-R,Solid-R
NC-04,Solid-D,0,Solid-D,Solid-D,Solid-D,Solid-D,Solid-D,Solid-D,Solid-D,Solid-D,Solid-D,Solid-D,Solid-D,Solid-D,Solid-D,Solid-D,Solid-D,Solid-D,Solid-D,Solid-D,Solid-D,Solid-D,Solid-D,Solid-D
NC-05,Solid-R,1.134297520661157,Solid-R,Likely-R,Solid-R,Likely-R,Solid-R,Likely-R,Toss-Up,Likely-R,Solid-R,Solid-R,Solid-R,Lean-R,Solid-R,Lean-R,Toss-Up,Solid-R,Solid-R,Likely-R,Likely-R,Lean-R,Lean-R,Toss-Up
NC-06,Solid-R,1.1177685950413223,Solid-R,Lean-R,Likely-R,Lean-R,Toss-Up,Likely-R,Likely-R,Solid-R,Solid-R,Likely-R,Solid-R,Likely-R,Solid-R,Lean-R,Toss-Up,Solid-R,Toss-Up,Lean-R,Lean-R,Solid-R,Solid-R,Likely-R
NC-07,Solid-R,0.6053719008264462,Toss-Up,Likely-R,Solid-R,Solid-R,Lean-R,Solid-R,Solid-R,Solid-R,Solid-R,Solid-R,Solid-R,Likely-R,Likely-R,Solid-R,Likely-R,Likely-R,Likely-R,Solid-R,Solid-R,Solid-R,Likely-R,Likely-R
NC-08,Solid-R,1.225206611570248,Lean-R,Likely-R,Likely-R,Solid-R,Solid-R,Toss-Up,Solid-R,Likely-R,Solid-R,Solid-R,Likely-R,Solid-R,Solid-R,Toss-Up,Toss-Up,Likely-R,Likely-R,Solid-R,Solid-R,Toss-Up,Solid-R,Likely-R
NC-09,Lean-D,2.225206611570248,Likely-R,Solid-R,Likely-R,Likely-R,Solid-R,Toss-Up,Toss-Up,Solid-R,Solid-R,Likely-R,Solid-R,Solid-R,Solid-R,Solid-R,Solid-R,Solid-R,Likely-D,Solid-R,Lean-D,Solid-R,Likely-R,Toss-Up
NC-10,Solid-R,0.7933884297520661,Solid-R,Solid-R,Solid-R,Solid-R,Solid-R,Likely-R,Solid-R,Solid-R,Likely-R,Solid-R,Solid-R,Solid-R,Toss-Up,Likely-R,Solid-R,Solid-R,Solid-R,Toss-Up,Solid-R,Likely-R,Solid-R,Solid-R
NC-11,Solid-R,0.44834710743801653,Solid-R,Solid-R,Solid-R,Solid-R,Solid-R,Solid-R,Likely-R,Solid-R,Solid-R,Solid-R,Solid-R,Solid-R,Solid-R,Solid-R,Solid-R,Solid-R,Solid-R,Likely-R,Solid-R,Solid-R,Solid-R,Toss-Up
NC-12,Solid-D,0,Solid-D,Solid-D,Solid-D,Solid-D,Solid-D,Solid-D,Solid-D,Solid-D,Solid-D,Solid-D,Solid-D,Solid-D,Solid-D,Solid-D,Solid-D,Solid-D,Solid-D,Solid-D,Solid-D,Solid-D,Solid-D,Solid-D
NC-13,Lean-R,1.5123966942148759,Toss-Up,Toss-Up,Likely-R,Toss-Up,Lean-R,Solid-R,Toss-Up,Likely-R,Likely-R,Likely-R,Solid-R,Solid-R,Toss-Up,Toss-Up,Likely-R,Toss-Up,Lean-R,Lean-R,Likely-R,Toss-Up,Solid-R,Lean-D
ND-00,Solid-R,0,Solid-R,Solid-R,Solid-R,Solid-R,Solid-R,Solid-R,Solid-R,Solid-R,Solid-R,Solid-R,Solid-R,Solid-R,Solid-R,Solid-R,Solid-R,Solid-R,Solid-R,Solid-R,Solid-R,Solid-R,Solid-R,Solid-R
NE-01,Solid-R,0.4235537190082645,Solid-R,Likely-R,Solid-R,Solid-R,Solid-R,Solid-R,Likely-R,Solid-R,Lean-R,Solid-R,Solid-R,Lean-R,Solid-R,Solid-R,Solid-R,Solid-R,Solid-R,Likely-R,Likely-R,Solid-R,Likely-R,Solid-R
NE-02,Lean-R,1.5144628099173554,Lean-R,Lean-D,Lean-D,Likely-D,Toss-Up,Toss-Up,Likely-D,Toss-Up,Likely-R,Lean-D,Lean-R,Lean-D,Toss-Up,Toss-Up,Toss-Up,Toss-Up,Solid-D,Likely-D,Likely-D,Lean-R,Lean-D,Likely-D
NE-03,Solid-R,0,Solid-R,Solid-R,Solid-R,Solid-R,Solid-R,Solid-R,Solid-R,Solid-R,Solid-R,Solid-R,Solid-R,Solid-R,Solid-R,Solid-R,Solid-R,Solid-R,Solid-R,Solid-R,Solid-R,Solid-R,Solid-R,Solid-R
NH-01,Lean-D,1.5206611570247934,Lean-R,Lean-D,Lean-D,Lean-R,Likely-D,Toss-Up,Likely-D,Toss-Up,Likely-D,Toss-Up,Likely-D,Likely-D,Lean-D,Toss-Up,Lean-D,Toss-Up,Lean-R,Solid-D,Toss-Up,Toss-Up,Toss-Up,Likely-R
NH-02,Likely-D,1.96900826446281,Likely-D,Lean-D,Lean-D,Solid-D,Likely-D,Lean-D,Lean-R,Lean-D,Lean-R,Solid-D,Solid-D,Solid-D,Likely-D,Lean-D,Solid-D,Solid-D,Likely-D,Toss-Up,Lean-R,Solid-D,Toss-Up,Toss-Up
NJ-01,Solid-D,0,Solid-D,Solid-D,Solid-D,Solid-D,Solid-D,Solid-D,Solid-D,Solid-D,Solid-D,Solid-D,Solid-D,Solid-D,Solid-D,Solid-D,Solid-D,Solid-D,Solid-D,Solid-D,Solid-D,Solid-D,Solid-D,Solid-D
NJ-02,Likely-D,1.3161157024793388,Lean-R,Lean-D,Lean-D,Likely-R,Toss-Up,Toss-Up,Toss-Up,Likely-R,Toss-Up,Likely-R,Solid-R,Likely-R,Lean-R,Lean-R,Toss-Up,Toss-Up,Lean-R,Lean-R,Toss-Up,Likely-R,Solid-R,Likely-R
NJ-03,Toss-Up,1.4710743801652892,Likely-R,Toss-Up,Toss-Up,Lean-R,Solid-R,Toss-Up,Likely-D,Toss-Up,Lean-R,Likely-R,Lean-R,Lean-R,Lean-R,Likely-R,Lean-D,Likely-R,Toss-Up,Toss-Up,Toss-Up,Toss-Up,Toss-Up,Solid-R
NJ-04,Likely-R,0.5144628099173554,Likely-R,Solid-R,Lean-R,Solid-R,Solid-R,Solid-R,Likely-R,Likely-R,Solid-R,Lean-R,Solid-R,Likely-R,Likely-R,Solid-R,Likely-R,Solid-R,Lean-R,Likely-R,Solid-R,Solid-R,Solid-R,Solid-R
NJ-05,Likely-D,0.8863636363636364,Toss-Up,Toss-Up,Likely-D,Lean-D,Lean-R,Lean-R,Lean-D,Likely-D,Toss-Up,Lean-D,Lean-D,Toss-Up,Lean-R,Toss-Up,Lean-D,Toss-Up,Lean-D,Toss-Up,Likely-D,Likely-D,Toss-Up,Toss-Up
NJ-06,Solid-D,0.04338842975206612,Solid-D,Solid-D,Solid-D,Solid-D,Solid-D,Solid-D,Solid-D,Solid-D,Solid-D,Solid-D,Solid-D,Solid-D,Solid-D,Solid-D,Solid-D,Solid-D,Solid-D,Solid-D,Solid-D,Solid-D,Solid-D,Likely-D
NJ-07,Toss-Up,0.6797520661157025,Lean-D,Toss-Up,Toss-Up,Toss-Up,Lean-D,Toss-Up,Lean-D,Toss-Up,Toss-Up,Lean-R,Toss-Up,Lean-R,Lean-D,Lean-D,Toss-Up,Toss-Up,Toss-Up,Toss-Up,Likely-R,Toss-Up,Toss-Up,Likely-R
NJ-08,Solid-D,0,Solid-D,Solid-D,Solid-D,Solid-D,Solid-D,Solid-D,Solid-D,Solid-D,Solid-D,Solid-D,Solid-D,Solid-D,Solid-D,Solid-D,Solid-D,Solid-D,Solid-D,Solid-D,Solid-D,Solid-D,Solid-D,Solid-D
NJ-09,Solid-D,0,Solid-D,Solid-D,Solid-D,Solid-D,Solid-D,Solid-D,Solid-D,Solid-D,Solid-D,Solid-D,Solid-D,Solid-D,Solid-D,Solid-D,Solid-D,Solid-D,Solid-D,Solid-D,Solid-D,Solid-D,Solid-D,Solid-D
NJ-10,Solid-D,0,Solid-D,Solid-D,Solid-D,Solid-D,Solid-D,Solid-D,Solid-D,Solid-D,Solid-D,Solid-D,Solid-D,Solid-D,Solid-D,Solid-D,Solid-D,Solid-D,Solid-D,Solid-D,Solid-D,Solid-D,Solid-D,Solid-D
NJ-11,Lean-D,1.5950413223140496,Toss-Up,Lean-R,Toss-Up,Lean-D,Toss-Up,Toss-Up,Toss-Up,Lean-R,Likely-D,Toss-Up,Toss-Up,Toss-Up,Likely-R,Likely-R,Solid-R,Likely-R,Lean-R,Toss-Up,Solid-R,Lean-D,Lean-R,Likely-R
NJ-12,Solid-D,0,Solid-D,Solid-D,Solid-D,Solid-D,Solid-D,Solid-D,Solid-D,Solid-D,Solid-D,Solid-D,Solid-D,Solid-D,Solid-D,Solid-D,Solid-D,Solid-D,Solid-D,Solid-D,Solid-D,Solid-D,Solid-D,Solid-D
NM-01,Solid-D,0.04338842975206612,Solid-D,Solid-D,Solid-D,Solid-D,Solid-D,Solid-D,Solid-D,Solid-D,Solid-D,Solid-D,Solid-D,Solid-D,Solid-D,Solid-D,Solid-D,Solid-D,Solid-D,Solid-D,Likely-D,Solid-D,Solid-D,Solid-D
NM-02,Lean-R,0.8450413223140496,Lean-R,Solid-R,Likely-R,Lean-R,Likely-R,Lean-R,Toss-Up,Likely-R,Likely-R,Likely-R,Solid-R,Solid-R,Solid-R,Solid-R,Likely-R,Likely-R,Solid-R,Likely-R,Lean-R,Toss-Up,Lean-R,Likely-R
NM-03,Solid-D,0.04338842975206612,Solid-D,Solid-D,Solid-D,Solid-D,Solid-D,Solid-D,Solid-D,Solid-D,Solid-D,Solid-D,Solid-D,Solid-D,Solid-D,Solid-D,Solid-D,Solid-D,Solid-D,Solid-D,Solid-D,Solid-D,Solid-D,Likely-D
NV-01,Solid-D,0,Solid-D,Solid-D,Solid-D,Solid-D,Solid-D,Solid-D,Solid-D,Solid-D,Solid-D,Solid-D,Solid-D,Solid-D,Solid-D,Solid-D,Solid-D,Solid-D,Solid-D,Solid-D,Solid-D,Solid-D,Solid-D,Solid-D
NV-02,Solid-R,0.5888429752066116,Likely-R,Solid-R,Solid-R,Likely-R,Likely-R,Solid-R,Lean-R,Solid-R,Solid-R,Likely-R,Likely-R,Toss-Up,Solid-R,Likely-R,Lean-R,Likely-R,Likely-R,Likely-R,Likely-R,Likely-R,Lean-R,Likely-R
NV-03,Likely-D,1.1177685950413223,Toss-Up,Likely-D,Toss-Up,Likely-D,Lean-D,Toss-Up,Toss-Up,Lean-D,Lean-D,Toss-Up,Toss-Up,Lean-R,Likely-R,Lean-R,Lean-D,Lean-D,Toss-Up,Lean-R,Toss-Up,Likely-R,Toss-Up,Lean-D
NV-04,Lean-D,1.878099173553719,Likely-D,Likely-D,Lean-R,Lean-D,Lean-D,Lean-D,Likely-D,Solid-D,Toss-Up,Toss-Up,Solid-D,Lean-D,Lean-R,Solid-D,Likely-D,Likely-D,Solid-D,Toss-Up,Solid-D,Lean-R,Likely-D,Solid-D
NY-01,Likely-R,1.4710743801652892,Likely-R,Likely-R,Toss-Up,Lean-R,Toss-Up,Likely-R,Likely-R,Likely-R,Lean-D,Likely-R,Toss-Up,Likely-D,Toss-Up,Likely-R,Lean-R,Lean-R,Lean-R,Lean-R,Likely-R,Toss-Up,Lean-D,Lean-D
NY-02,Likely-R,1.3801652892561984,Likely-R,Likely-R,Toss-Up,Likely-R,Likely-R,Lean-R,Likely-R,Likely-R,Toss-Up,Toss-Up,Likely-R,Likely-R,Solid-R,Toss-Up,Lean-R,Likely-D,Likely-R,Solid-R,Lean-R,Lean-R,Likely-R,Toss-Up
NY-03,Solid-D,0.9938016528925621,Likely-D,Likely-D,Solid-D,Likely-D,Solid-D,Lean-D,Lean-D,Likely-D,Solid-D,Solid-D,Likely-D,Lean-D,Lean-R,Solid-D,Solid-D,Solid-D,Solid-D,Likely-D,Likely-D,Solid-D,Solid-D,Solid-D
NY-04,Solid-D,0.04338842975206612,Solid-D,Solid-D,Solid-D,Likely-D,Solid-D,Solid-D,Solid-D,Solid-D,Solid-D,Solid-D,Solid-D,Solid-D,Solid-D,Solid-D,Solid-D,Solid-D,Solid-D,Solid-D,Solid-D,Solid-D,Solid-D,Solid-D
NY-05,Solid-D,0,Solid-D,Solid-D,Solid-D,Solid-D,Solid-D,Solid-D,Solid-D,Solid-D,Solid-D,Solid-D,Solid-D,Solid-D,Solid-D,Solid-D,Solid-D,Solid-D,Solid-D,Solid-D,Solid-D,Solid-D,Solid-D,Solid-D
NY-06,Solid-D,0,Solid-D,Solid-D,Solid-D,Solid-D,Solid-D,Solid-D,Solid-D,Solid-D,Solid-D,Solid-D,Solid-D,Solid-D,Solid-D,Solid-D,Solid-D,Solid-D,Solid-D,Solid-D,Solid-D,Solid-D,Solid-D,Solid-D
NY-07,Solid-D,0,Solid-D,Solid-D,Solid-D,Solid-D,Solid-D,Solid-D,Solid-D,Solid-D,Solid-D,Solid-D,Solid-D,Solid-D,Solid-D,Solid-D,Solid-D,Solid-D,Solid-D,Solid-D,Solid-D,Solid-D,Solid-D,Solid-D
NY-08,Solid-D,0,Solid-D,Solid-D,Solid-D,Solid-D,Solid-D,Solid-D,Solid-D,Solid-D,Solid-D,Solid-D,Solid-D,Solid-D,Solid-D,Solid-D,Solid-D,Solid-D,Solid-D,Solid-D,Solid-D,Solid-D,Solid-D,Solid-D
NY-09,Solid-D,0,Solid-D,Solid-D,Solid-D,Solid-D,Solid-D,Solid-D,Solid-D,Solid-D,Solid-D,Solid-D,Solid-D,Solid-D,Solid-D,Solid-D,Solid-D,Solid-D,Solid-D,Solid-D,Solid-D,Solid-D,Solid-D,Solid-D
NY-10,Solid-D,0,Solid-D,Solid-D,Solid-D,Solid-D,Solid-D,Solid-D,Solid-D,Solid-D,Solid-D,Solid-D,Solid-D,Solid-D,Solid-D,Solid-D,Solid-D,Solid-D,Solid-D,Solid-D,Solid-D,Solid-D,Solid-D,Solid-D
NY-11,Likely-R,1.0826446280991735,Likely-R,Likely-R,Likely-R,Likely-R,Toss-Up,Likely-R,Toss-Up,Lean-R,Toss-Up,Likely-R,Toss-Up,Likely-R,Likely-R,Likely-R,Toss-Up,Lean-R,Lean-R,Toss-Up,Lean-D,Lean-R,Solid-R,Toss-Up
NY-12,Solid-D,0,Solid-D,Solid-D,Solid-D,Solid-D,Solid-D,Solid-D,Solid-D,Solid-D,Solid-D,Solid-D,Solid-D,Solid-D,Solid-D,Solid-D,Solid-D,Solid-D,Solid-D,Solid-D,Solid-D,Solid-D,Solid-D,Solid-D
NY-13,Solid-D,0,Solid-D,Solid-D,Solid-D,Solid-D,Solid-D,Solid-D,Solid-D,Solid-D,Solid-D,Solid-D,Solid-D,Solid-D,Solid-D,Solid-D,Solid-D,Solid-D,Solid-D,Solid-D,Solid-D,Solid-D,Solid-D,Solid-D
NY-14,Solid-D,0,Solid-D,Solid-D,Solid-D,Solid-D,Solid-D,Solid-D,Solid-D,Solid-D,Solid-D,Solid-D,Solid-D,Solid-D,Solid-D,Solid-D,Solid-D,Solid-D,Solid-D,Solid-D,Solid-D,Solid-D,Solid-D,Solid-D
NY-15,Solid-D,0,Solid-D,Solid-D,Solid-D,Solid-D,Solid-D,Solid-D,Solid-D,Solid-D,Solid-D,Solid-D,Solid-D,Solid-D,Solid-D,Solid-D,Solid-D,Solid-D,Solid-D,Solid-D,Solid-D,Solid-D,Solid-D,Solid-D
NY-16,Solid-D,0,Solid-D,Solid-D,Solid-D,Solid-D,Solid-D,Solid-D,Solid-D,Solid-D,Solid-D,Solid-D,Solid-D,Solid-D,Solid-D,Solid-D,Solid-D,Solid-D,Solid-D,Solid-D,Solid-D,Solid-D,Solid-D,Solid-D
NY-17,Solid-D,0.04338842975206612,Solid-D,Solid-D,Solid-D,Solid-D,Solid-D,Solid-D,Solid-D,Solid-D,Solid-D,Solid-D,Solid-D,Likely-D,Solid-D,Solid-D,Solid-D,Solid-D,Solid-D,Solid-D,Solid-D,Solid-D,Solid-D,Solid-D
NY-18,Likely-D,3.1983471074380168,Solid-D,Likely-D,Toss-Up,Lean-D,Lean-D,Likely-R,Lean-D,Solid-D,Solid-D,Likely-D,Likely-D,Likely-R,Lean-R,Likely-R,Lean-R,Solid-D,Likely-R,Likely-D,Solid-D,Toss-Up,Toss-Up,Toss-Up
NY-19,Toss-Up,1.9772727272727273,Likely-R,Likely-R,Likely-R,Likely-R,Likely-R,Likely-D,Likely-D,Toss-Up,Lean-D,Likely-R,Toss-Up,Toss-Up,Toss-Up,Lean-R,Likely-R,Lean-D,Toss-Up,Lean-R,Likely-R,Lean-R,Likely-D,Toss-Up
NY-20,Solid-D,0.08264462809917356,Likely-D,Solid-D,Solid-D,Solid-D,Solid-D,Solid-D,Solid-D,Solid-D,Solid-D,Solid-D,Solid-D,Solid-D,Solid-D,Solid-D,Solid-D,Solid-D,Solid-D,Likely-D,Solid-D,Solid-D,Solid-D,Solid-D
NY-21,Likely-R,0.8347107438016529,Likely-R,Likely-R,Likely-R,Lean-R,Likely-R,Likely-R,Toss-Up,Lean-R,Likely-R,Toss-Up,Likely-R,Toss-Up,Solid-R,Likely-R,Toss-Up,Likely-R,Lean-R,Lean-R,Toss-Up,Likely-R,Toss-Up,Lean-R
NY-22,Toss-Up,2.5144628099173554,Toss-Up,Likely-R,Likely-R,Likely-D,Solid-R,Lean-D,Lean-D,Likely-R,Likely-R,Solid-R,Solid-R,Solid-R,Toss-Up,Solid-R,Solid-R,Likely-R,Solid-R,Toss-Up,Likely-R,Solid-R,Toss-Up,Solid-R
NY-23,Likely-R,1.4979338842975207,Likely-R,Likely-R,Toss-Up,Likely-R,Lean-R,Likely-R,Lean-R,Likely-R,Likely-R,Toss-Up,Toss-Up,Likely-R,Likely-R,Toss-Up,Likely-R,Toss-Up,Likely-R,Solid-R,Likely-D,Lean-R,Toss-Up,Lean-D
NY-24,Likely-R,1.9669421487603307,Likely-R,Toss-Up,Likely-R,Toss-Up,Likely-R,Likely-R,Lean-D,Toss-Up,Toss-Up,Likely-R,Lean-R,Lean-D,Likely-D,Lean-R,Lean-R,Toss-Up,Lean-D,Toss-Up,Lean-R,Likely-D,Solid-D,Toss-Up
NY-25,Solid-D,0.2892561983471074,Likely-D,Solid-D,Solid-D,Likely-D,Solid-D,Solid-D,Solid-D,Solid-D,Solid-D,Solid-D,Solid-D,Likely-D,Solid-D,Solid-D,Solid-D,Likely-D,Solid-D,Solid-D,Solid-D,Solid-D,Lean-D,Solid-D
NY-26,Solid-D,0,Solid-D,Solid-D,Solid-D,Solid-D,Solid-D,Solid-D,Solid-D,Solid-D,Solid-D,Solid-D,Solid-D,Solid-D,Solid-D,Solid-D,Solid-D,Solid-D,Solid-D,Solid-D,Solid-D,Solid-D,Solid-D,Solid-D
NY-27,Lean-R,0.6797520661157025,Likely-R,Likely-R,Likely-R,Likely-R,Likely-R,Likely-R,Likely-R,Likely-R,Likely-R,Toss-Up,Likely-R,Likely-R,Toss-Up,Lean-R,Solid-R,Solid-R,Likely-R,Solid-R,Solid-R,Likely-R,Solid-R,Solid-R
OH-01,Toss-Up,1.853305785123967,Toss-Up,Lean-R,Lean-D,Likely-R,Lean-R,Solid-R,Lean-R,Likely-R,Likely-R,Toss-Up,Likely-R,Solid-R,Lean-R,Toss-Up,Lean-R,Toss-Up,Solid-R,Likely-R,Likely-D,Solid-R,Solid-R,Likely-R
OH-02,Solid-R,0.743801652892562,Likely-R,Solid-R,Solid-R,Likely-R,Solid-R,Likely-R,Lean-R,Solid-R,Solid-R,Lean-R,Lean-R,Likely-R,Solid-R,Solid-R,Likely-R,Solid-R,Solid-R,Toss-Up,Likely-R,Likely-R,Solid-R,Solid-R
OH-03,Solid-D,0,Solid-D,Solid-D,Solid-D,Solid-D,Solid-D,Solid-D,Solid-D,Solid-D,Solid-D,Solid-D,Solid-D,Solid-D,Solid-D,Solid-D,Solid-D,Solid-D,Solid-D,Solid-D,Solid-D,Solid-D,Solid-D,Solid-D
OH-04,Solid-R,0,Solid-R,Solid-R,Solid-R,Solid-R,Solid-R,Solid-R,Solid-R,Solid-R,Solid-R,Solid-R,Solid-R,Solid-R,Solid-R,Solid-R,Solid-R,Solid-R,Solid-R,Solid-R,Solid-R,Solid-R,Solid-R,Solid-R
OH-05,Solid-R,0.2665289256198347,Solid-R,Solid-R,Solid-R,Solid-R,Solid-R,Solid-R,Solid-R,Solid-R,Likely-R,Solid-R,Solid-R,Solid-R,Lean-R,Solid-R,Solid-R,Likely-R,Solid-R,Likely-R,Solid-R,Solid-R,Solid-R,Solid-R
OH-06,Solid-R,0.4214876033057851,Solid-R,Solid-R,Solid-R,Solid-R,Solid-R,Solid-R,Solid-R,Solid-R,Solid-R,Solid-R,Toss-Up,Solid-R,Solid-R,Solid-R,Solid-R,Solid-R,Solid-R,Solid-R,Solid-R,Solid-R,Solid-R,Likely-R
OH-07,Likely-R,0.7623966942148761,Solid-R,Solid-R,Solid-R,Solid-R,Solid-R,Solid-R,Solid-R,Solid-R,Solid-R,Solid-R,Likely-R,Solid-R,Solid-R,Solid-R,Solid-R,Lean-D,Solid-R,Likely-R,Solid-R,Solid-R,Likely-R,Solid-R
OH-08,Solid-R,0.04338842975206612,Solid-R,Solid-R,Solid-R,Solid-R,Solid-R,Solid-R,Solid-R,Solid-R,Solid-R,Solid-R,Solid-R,Solid-R,Solid-R,Solid-R,Likely-R,Solid-R,Solid-R,Solid-R,Solid-R,Solid-R,Solid-R,Solid-R
OH-09,Solid-D,0,Solid-D,Solid-D,Solid-D,Solid-D,Solid-D,Solid-D,Solid-D,Solid-D,Solid-D,Solid-D,Solid-D,Solid-D,Solid-D,Solid-D,Solid-D,Solid-D,Solid-D,Solid-D,Solid-D,Solid-D,Solid-D,Solid-D
OH-10,Likely-R,1.9772727272727273,Likely-R,Likely-R,Lean-R,Likely-R,Lean-R,Lean-R,Solid-R,Lean-R,Solid-R,Solid-R,Solid-R,Likely-R,Solid-R,Likely-D,Likely-R,Likely-R,Toss-Up,Lean-R,Lean-D,Solid-R,Likely-R,Lean-D
OH-11,Solid-D,0,Solid-D,Solid-D,Solid-D,Solid-D,Solid-D,Solid-D,Solid-D,Solid-D,Solid-D,Solid-D,Solid-D,Solid-D,Solid-D,Solid-D,Solid-D,Solid-D,Solid-D,Solid-D,Solid-D,Solid-D,Solid-D,Solid-D
OH-12,Lean-R,0.5041322314049587,Likely-R,Likely-R,Likely-R,Likely-R,Solid-R,Solid-R,Solid-R,Solid-R,Solid-R,Solid-R,Solid-R,Lean-R,Lean-R,Likely-R,Solid-R,Solid-R,Solid-R,Lean-R,Solid-R,Likely-R,Likely-R,Likely-R
OH-13,Solid-D,0.04338842975206612,Likely-D,Solid-D,Solid-D,Solid-D,Solid-D,Solid-D,Solid-D,Solid-D,Solid-D,Solid-D,Solid-D,Solid-D,Solid-D,Solid-D,Solid-D,Solid-D,Solid-D,Solid-D,Solid-D,Solid-D,Solid-D,Solid-D
OH-14,Likely-R,0.8099173553719008,Solid-R,Likely-R,Lean-R,Toss-Up,Likely-R,Lean-R,Likely-R,Solid-R,Solid-R,Likely-R,Lean-R,Solid-R,Solid-R,Likely-R,Solid-R,Lean-R,Likely-R,Solid-R,Lean-R,Solid-R,Solid-R,Likely-R
OH-15,Likely-R,0.8119834710743802,Solid-R,Likely-R,Solid-R,Likely-R,Solid-R,Lean-R,Likely-R,Lean-R,Likely-R,Lean-R,Solid-R,Likely-R,Solid-R,Solid-R,Solid-R,Solid-R,Lean-R,Likely-R,Solid-R,Toss-Up,Solid-R,Solid-R
OH-16,Solid-R,0.9669421487603306,Likely-R,Solid-R,Lean-R,Solid-R,Toss-Up,Solid-R,Solid-R,Solid-R,Solid-R,Likely-R,Lean-R,Likely-R,Solid-R,Solid-R,Solid-R,Solid-R,Likely-R,Likely-R,Lean-R,Solid-R,Toss-Up,Likely-R
OK-01,Solid-R,0.11776859504132231,Solid-R,Solid-R,Solid-R,Solid-R,Solid-R,Solid-R,Likely-R,Likely-R,Solid-R,Solid-R,Solid-R,Solid-R,Solid-R,Solid-R,Likely-R,Solid-R,Solid-R,Solid-R,Solid-R,Solid-R,Solid-R,Solid-R
OK-02,Solid-R,0,Solid-R,Solid-R,Solid-R,Solid-R,Solid-R,Solid-R,Solid-R,Solid-R,Solid-R,Solid-R,Solid-R,Solid-R,Solid-R,Solid-R,Solid-R,Solid-R,Solid-R,Solid-R,Solid-R,Solid-R,Solid-R,Solid-R
OK-03,Solid-R,0,Solid-R,Solid-R,Solid-R,Solid-R,Solid-R,Solid-R,Solid-R,Solid-R,Solid-R,Solid-R,Solid-R,Solid-R,Solid-R,Solid-R,Solid-R,Solid-R,Solid-R,Solid-R,Solid-R,Solid-R,Solid-R,Solid-R
OK-04,Solid-R,0,Solid-R,Solid-R,Solid-R,Solid-R,Solid-R,Solid-R,Solid-R,Solid-R,Solid-R,Solid-R,Solid-R,Solid-R,Solid-R,Solid-R,Solid-R,Solid-R,Solid-R,Solid-R,Solid-R,Solid-R,Solid-R,Solid-R
OK-05,Likely-R,0.9669421487603306,Solid-R,Likely-R,Solid-R,Likely-R,Likely-R,Solid-R,Likely-R,Solid-R,Lean-R,Solid-R,Solid-R,Likely-R,Lean-R,Toss-Up,Solid-R,Likely-R,Solid-R,Solid-R,Lean-R,Solid-R,Toss-Up,Solid-R
OR-01,Solid-D,0,Solid-D,Solid-D,Solid-D,Solid-D,Solid-D,Solid-D,Solid-D,Solid-D,Solid-D,Solid-D,Solid-D,Solid-D,Solid-D,Solid-D,Solid-D,Solid-D,Solid-D,Solid-D,Solid-D,Solid-D,Solid-D,Solid-D
OR-02,Likely-R,0.38016528925619836,Solid-R,Solid-R,Solid-R,Solid-R,Solid-R,Lean-R,Solid-R,Solid-R,Solid-R,Likely-R,Lean-R,Likely-R,Solid-R,Solid-R,Solid-R,Solid-R,Solid-R,Solid-R,Solid-R,Solid-R,Solid-R,Solid-R
OR-03,Solid-D,0,Solid-D,Solid-D,Solid-D,Solid-D,Solid-D,Solid-D,Solid-D,Solid-D,Solid-D,Solid-D,Solid-D,Solid-D,Solid-D,Solid-D,Solid-D,Solid-D,Solid-D,Solid-D,Solid-D,Solid-D,Solid-D,Solid-D
OR-04,Solid-D,0.3078512396694215,Solid-D,Solid-D,Solid-D,Likely-D,Solid-D,Solid-D,Solid-D,Solid-D,Likely-D,Solid-D,Likely-D,Likely-D,Solid-D,Solid-D,Solid-D,Solid-D,Lean-D,Solid-D,Solid-D,Solid-D,Solid-D,Likely-D
OR-05,Solid-D,1.4070247933884297,Likely-D,Solid-D,Likely-D,Lean-D,Solid-D,Likely-D,Solid-D,Solid-D,Lean-D,Solid-D,Solid-D,Likely-D,Lean-D,Solid-D,Solid-D,Solid-D,Likely-D,Likely-D,Lean-R,Solid-D,Lean-R,Likely-D
RI-01,Solid-D,0,Solid-D,Solid-D,Solid-D,Solid-D,Solid-D,Solid-D,Solid-D,Solid-D,Solid-D,Solid-D,Solid-D,Solid-D,Solid-D,Solid-D,Solid-D,Solid-D,Solid-D,Solid-D,Solid-D,Solid-D,Solid-D,Solid-D
RI-02,Solid-D,0.08264462809917356,Solid-D,Solid-D,Likely-D,Solid-D,Solid-D,Likely-D,Solid-D,Solid-D,Solid-D,Solid-D,Solid-D,Solid-D,Solid-D,Solid-D,Solid-D,Solid-D,Solid-D,Solid-D,Solid-D,Solid-D,Solid-D,Solid-D
SC-01,Likely-R,1.3326446280991735,Solid-R,Solid-R,Solid-R,Likely-R,Likely-R,Solid-R,Solid-R,Solid-R,Solid-R,Lean-D,Solid-R,Toss-Up,Solid-R,Solid-R,Likely-R,Solid-R,Solid-R,Solid-R,Toss-Up,Solid-R,Solid-R,Solid-R
SC-02,Solid-R,1.0681818181818181,Likely-R,Solid-R,Solid-R,Solid-R,Solid-R,Solid-R,Likely-R,Solid-R,Likely-R,Solid-R,Solid-R,Solid-R,Likely-R,Lean-D,Solid-R,Solid-R,Solid-R,Toss-Up,Solid-R,Solid-R,Solid-R,Solid-R
SC-03,Solid-R,0,Solid-R,Solid-R,Solid-R,Solid-R,Solid-R,Solid-R,Solid-R,Solid-R,Solid-R,Solid-R,Solid-R,Solid-R,Solid-R,Solid-R,Solid-R,Solid-R,Solid-R,Solid-R,Solid-R,Solid-R,Solid-R,Solid-R
SC-04,Solid-R,0.11776859504132231,Solid-R,Solid-R,Solid-R,Solid-R,Solid-R,Solid-R,Solid-R,Solid-R,Solid-R,Solid-R,Solid-R,Solid-R,Solid-R,Likely-R,Solid-R,Likely-R,Solid-R,Solid-R,Likely-R,Solid-R,Solid-R,Solid-R
SC-05,Solid-R,0.5144628099173554,Solid-R,Solid-R,Solid-R,Likely-R,Likely-R,Likely-R,Solid-R,Lean-R,Solid-R,Solid-R,Likely-R,Lean-R,Likely-R,Solid-R,Solid-R,Solid-R,Likely-R,Likely-R,Solid-R,Solid-R,Lean-R,Solid-R
SC-06,Solid-D,0,Solid-D,Solid-D,Solid-D,Solid-D,Solid-D,Solid-D,Solid-D,Solid-D,Solid-D,Solid-D,Solid-D,Solid-D,Solid-D,Solid-D,Solid-D,Solid-D,Solid-D,Solid-D,Solid-D,Solid-D,Solid-D,Solid-D
SC-07,Solid-R,0.8677685950413223,Solid-R,Toss-Up,Solid-R,Solid-R,Solid-R,Likely-R,Solid-R,Toss-Up,Likely-R,Solid-R,Solid-R,Likely-R,Lean-R,Likely-R,Likely-R,Solid-R,Solid-R,Likely-R,Solid-R,Solid-R,Solid-R,Solid-R
SD-00,Solid-R,0.11776859504132231,Solid-R,Solid-R,Solid-R,Solid-R,Solid-R,Solid-R,Solid-R,Solid-R,Likely-R,Solid-R,Solid-R,Solid-R,Solid-R,Solid-R,Solid-R,Solid-R,Solid-R,Solid-R,Likely-R,Solid-R,Solid-R,Likely-R
TN-01,Solid-R,0,Solid-R,Solid-R,Solid-R,Solid-R,Solid-R,Solid-R,Solid-R,Solid-R,Solid-R,Solid-R,Solid-R,Solid-R,Solid-R,Solid-R,Solid-R,Solid-R,Solid-R,Solid-R,Solid-R,Solid-R,Solid-R,Solid-R
TN-02,Solid-R,0.04338842975206612,Solid-R,Solid-R,Solid-R,Solid-R,Solid-R,Solid-R,Solid-R,Solid-R,Solid-R,Solid-R,Solid-R,Solid-R,Solid-R,Solid-R,Solid-R,Solid-R,Solid-R,Solid-R,Solid-R,Solid-R,Likely-R,Solid-R
TN-03,Solid-R,0.04338842975206612,Solid-R,Solid-R,Solid-R,Solid-R,Solid-R,Solid-R,Solid-R,Solid-R,Solid-R,Solid-R,Solid-R,Solid-R,Likely-R,Solid-R,Solid-R,Solid-R,Solid-R,Solid-R,Solid-R,Solid-R,Solid-R,Solid-R
TN-04,Solid-R,0,Solid-R,Solid-R,Solid-R,Solid-R,Solid-R,Solid-R,Solid-R,Solid-R,Solid-R,Solid-R,Solid-R,Solid-R,Solid-R,Solid-R,Solid-R,Solid-R,Solid-R,Solid-R,Solid-R,Solid-R,Solid-R,Solid-R
TN-05,Solid-D,0,Solid-D,Solid-D,Solid-D,Solid-D,Solid-D,Solid-D,Solid-D,Solid-D,Solid-D,Solid-D,Solid-D,Solid-D,Solid-D,Solid-D,Solid-D,Solid-D,Solid-D,Solid-D,Solid-D,Solid-D,Solid-D,Solid-D
TN-06,Solid-R,0,Solid-R,Solid-R,Solid-R,Solid-R,Solid-R,Solid-R,Solid-R,Solid-R,Solid-R,Solid-R,Solid-R,Solid-R,Solid-R,Solid-R,Solid-R,Solid-R,Solid-R,Solid-R,Solid-R,Solid-R,Solid-R,Solid-R
TN-07,Solid-R,0,Solid-R,Solid-R,Solid-R,Solid-R,Solid-R,Solid-R,Solid-R,Solid-R,Solid-R,Solid-R,Solid-R,Solid-R,Solid-R,Solid-R,Solid-R,Solid-R,Solid-R,Solid-R,Solid-R,Solid-R,Solid-R,Solid-R
TN-08,Solid-R,0,Solid-R,Solid-R,Solid-R,Solid-R,Solid-R,Solid-R,Solid-R,Solid-R,Solid-R,Solid-R,Solid-R,Solid-R,Solid-R,Solid-R,Solid-R,Solid-R,Solid-R,Solid-R,Solid-R,Solid-R,Solid-R,Solid-R
TN-09,Solid-D,0,Solid-D,Solid-D,Solid-D,Solid-D,Solid-D,Solid-D,Solid-D,Solid-D,Solid-D,Solid-D,Solid-D,Solid-D,Solid-D,Solid-D,Solid-D,Solid-D,Solid-D,Solid-D,Solid-D,Solid-D,Solid-D,Solid-D
TX-01,Solid-R,0,Solid-R,Solid-R,Solid-R,Solid-R,Solid-R,Solid-R,Solid-R,Solid-R,Solid-R,Solid-R,Solid-R,Solid-R,Solid-R,Solid-R,Solid-R,Solid-R,Solid-R,Solid-R,Solid-R,Solid-R,Solid-R,Solid-R
TX-02,Likely-R,0.4896694214876033,Likely-R,Likely-R,Lean-R,Likely-R,Lean-R,Lean-R,Likely-R,Solid-R,Solid-R,Likely-R,Solid-R,Solid-R,Solid-R,Solid-R,Likely-R,Likely-R,Solid-R,Likely-R,Likely-R,Solid-R,Solid-R,Solid-R
TX-03,Likely-R,0.14876033057851237,Likely-R,Solid-R,Solid-R,Solid-R,Solid-R,Solid-R,Solid-R,Solid-R,Likely-R,Solid-R,Solid-R,Solid-R,Solid-R,Solid-R,Solid-R,Likely-R,Solid-R,Solid-R,Solid-R,Solid-R,Solid-R,Likely-R
TX-04,Solid-R,0,Solid-R,Solid-R,Solid-R,Solid-R,Solid-R,Solid-R,Solid-R,Solid-R,Solid-R,Solid-R,Solid-R,Solid-R,Solid-R,Solid-R,Solid-R,Solid-R,Solid-R,Solid-R,Solid-R,Solid-R,Solid-R,Solid-R
TX-05,Solid-R,0.11776859504132231,Solid-R,Solid-R,Likely-R,Solid-R,Solid-R,Solid-R,Likely-R,Solid-R,Solid-R,Solid-R,Solid-R,Solid-R,Likely-R,Solid-R,Solid-R,Solid-R,Solid-R,Solid-R,Solid-R,Solid-R,Solid-R,Solid-R
TX-06,Likely-R,1.0433884297520661,Solid-R,Likely-R,Solid-R,Likely-R,Solid-R,Solid-R,Solid-R,Solid-R,Likely-R,Likely-R,Lean-R,Toss-Up,Likely-R,Toss-Up,Solid-R,Lean-R,Likely-R,Toss-Up,Likely-R,Likely-R,Solid-R,Solid-R
TX-07,Toss-Up,1.2644628099173554,Toss-Up,Likely-R,Toss-Up,Lean-R,Lean-R,Lean-R,Toss-Up,Solid-R,Toss-Up,Likely-R,Toss-Up,Lean-D,Toss-Up,Solid-R,Likely-R,Toss-Up,Likely-R,Likely-R,Toss-Up,Likely-R,Likely-R,Likely-R
TX-08,Solid-R,0,Solid-R,Solid-R,Solid-R,Solid-R,Solid-R,Solid-R,Solid-R,Solid-R,Solid-R,Solid-R,Solid-R,Solid-R,Solid-R,Solid-R,Solid-R,Solid-R,Solid-R,Solid-R,Solid-R,Solid-R,Solid-R,Solid-R
TX-09,Solid-D,0,Solid-D,Solid-D,Solid-D,Solid-D,Solid-D,Solid-D,Solid-D,Solid-D,Solid-D,Solid-D,Solid-D,Solid-D,Solid-D,Solid-D,Solid-D,Solid-D,Solid-D,Solid-D,Solid-D,Solid-D,Solid-D,Solid-D
TX-10,Solid-R,0.8615702479338843,Likely-R,Likely-R,Likely-R,Likely-R,Lean-R,Likely-R,Solid-R,Solid-R,Likely-R,Likely-R,Solid-R,Solid-R,Solid-R,Toss-Up,Lean-R,Lean-R,Lean-R,Toss-Up,Likely-R,Likely-R,Solid-R,Solid-R
TX-11,Solid-R,0,Solid-R,Solid-R,Solid-R,Solid-R,Solid-R,Solid-R,Solid-R,Solid-R,Solid-R,Solid-R,Solid-R,Solid-R,Solid-R,Solid-R,Solid-R,Solid-R,Solid-R,Solid-R,Solid-R,Solid-R,Solid-R,Solid-R
TX-12,Solid-R,0.04338842975206612,Solid-R,Solid-R,Solid-R,Solid-R,Solid-R,Solid-R,Solid-R,Solid-R,Solid-R,Solid-R,Solid-R,Solid-R,Solid-R,Solid-R,Solid-R,Solid-R,Solid-R,Solid-R,Likely-R,Solid-R,Solid-R,Solid-R
TX-13,Solid-R,0,Solid-R,Solid-R,Solid-R,Solid-R,Solid-R,Solid-R,Solid-R,Solid-R,Solid-R,Solid-R,Solid-R,Solid-R,Solid-R,Solid-R,Solid-R,Solid-R,Solid-R,Solid-R,Solid-R,Solid-R,Solid-R,Solid-R
TX-14,Solid-R,0.8677685950413223,Solid-R,Solid-R,Toss-Up,Solid-R,Solid-R,Likely-R,Solid-R,Solid-R,Solid-R,Solid-R,Solid-R,Solid-R,Solid-R,Likely-R,Likely-R,Solid-R,Likely-R,Likely-R,Solid-R,Lean-R,Likely-R,Toss-Up
TX-15,Solid-D,0.08264462809917356,Solid-D,Solid-D,Likely-D,Solid-D,Solid-D,Solid-D,Solid-D,Solid-D,Solid-D,Solid-D,Solid-D,Solid-D,Solid-D,Likely-D,Solid-D,Solid-D,Solid-D,Solid-D,Solid-D,Solid-D,Solid-D,Solid-D
TX-16,Solid-D,0,Solid-D,Solid-D,Solid-D,Solid-D,Solid-D,Solid-D,Solid-D,Solid-D,Solid-D,Solid-D,Solid-D,Solid-D,Solid-D,Solid-D,Solid-D,Solid-D,Solid-D,Solid-D,Solid-D,Solid-D,Solid-D,Solid-D
TX-17,Solid-R,1.322314049586777,Solid-R,Likely-R,Solid-R,Likely-R,Solid-R,Solid-R,Solid-R,Solid-R,Solid-R,Solid-R,Solid-R,Solid-R,Solid-R,Solid-R,Likely-R,Solid-R,Toss-Up,Lean-D,Solid-R,Likely-R,Solid-R,Toss-Up
TX-18,Solid-D,0,Solid-D,Solid-D,Solid-D,Solid-D,Solid-D,Solid-D,Solid-D,Solid-D,Solid-D,Solid-D,Solid-D,Solid-D,Solid-D,Solid-D,Solid-D,Solid-D,Solid-D,Solid-D,Solid-D,Solid-D,Solid-D,Solid-D
TX-19,Solid-R,0,Solid-R,Solid-R,Solid-R,Solid-R,Solid-R,Solid-R,Solid-R,Solid-R,Solid-R,Solid-R,Solid-R,Solid-R,Solid-R,Solid-R,Solid-R,Solid-R,Solid-R,Solid-R,Solid-R,Solid-R,Solid-R,Solid-R
TX-20,Solid-D,0,Solid-D,Solid-D,Solid-D,Solid-D,Solid-D,Solid-D,Solid-D,Solid-D,Solid-D,Solid-D,Solid-D,Solid-D,Solid-D,Solid-D,Solid-D,Solid-D,Solid-D,Solid-D,Solid-D,Solid-D,Solid-D,Solid-D
TX-21,Likely-R,1.8119834710743803,Solid-R,Likely-R,Toss-Up,Solid-R,Solid-R,Toss-Up,Solid-R,Solid-R,Lean-D,Likely-R,Solid-R,Solid-R,Solid-R,Solid-R,Solid-R,Solid-R,Solid-R,Solid-R,Solid-R,Solid-R,Likely-R,Lean-D
TX-22,Likely-R,1.0268595041322315,Likely-R,Lean-R,Likely-R,Likely-R,Lean-R,Solid-R,Likely-R,Likely-R,Solid-R,Solid-R,Lean-R,Toss-Up,Solid-R,Likely-R,Solid-R,Likely-R,Lean-R,Toss-Up,Likely-R,Solid-R,Solid-R,Toss-Up
TX-23,Lean-R,1.1983471074380165,Lean-R,Lean-D,Lean-D,Lean-D,Lean-D,Toss-Up,Toss-Up,Likely-D,Toss-Up,Likely-D,Toss-Up,Likely-D,Lean-D,Solid-D,Likely-D,Toss-Up,Toss-Up,Likely-D,Lean-R,Lean-D,Lean-R,Toss-Up
TX-24,Likely-R,1.4896694214876032,Solid-R,Lean-R,Likely-R,Likely-R,Likely-R,Solid-R,Lean-R,Likely-R,Toss-Up,Likely-R,Likely-R,Likely-R,Solid-R,Lean-R,Solid-R,Toss-Up,Solid-R,Toss-Up,Toss-Up,Solid-R,Solid-R,Lean-D
TX-25,Solid-R,0.743801652892562,Likely-R,Likely-R,Solid-R,Likely-R,Likely-R,Likely-R,Solid-R,Solid-R,Likely-R,Solid-R,Solid-R,Solid-R,Solid-R,Solid-R,Solid-R,Lean-R,Lean-R,Likely-R,Toss-Up,Solid-R,Solid-R,Lean-R
TX-26,Solid-R,0.08264462809917356,Solid-R,Solid-R,Solid-R,Solid-R,Solid-R,Solid-R,Solid-R,Solid-R,Solid-R,Solid-R,Solid-R,Solid-R,Solid-R,Likely-R,Solid-R,Solid-R,Solid-R,Solid-R,Solid-R,Solid-R,Solid-R,Likely-R
TX-27,Solid-R,0.19834710743801653,Solid-R,Solid-R,Solid-R,Solid-R,Solid-R,Solid-R,Solid-R,Solid-R,Solid-R,Solid-R,Solid-R,Solid-R,Likely-R,Likely-R,Likely-R,Likely-R,Likely-R,Solid-R,Likely-R,Solid-R,Solid-R,Solid-R
TX-28,Solid-D,0,Solid-D,Solid-D,Solid-D,Solid-D,Solid-D,Solid-D,Solid-D,Solid-D,Solid-D,Solid-D,Solid-D,Solid-D,Solid-D,Solid-D,Solid-D,Solid-D,Solid-D,Solid-D,Solid-D,Solid-D,Solid-D,Solid-D
TX-29,Solid-D,0,Solid-D,Solid-D,Solid-D,Solid-D,Solid-D,Solid-D,Solid-D,Solid-D,Solid-D,Solid-D,Solid-D,Solid-D,Solid-D,Solid-D,Solid-D,Solid-D,Solid-D,Solid-D,Solid-D,Solid-D,Solid-D,Solid-D
TX-30,Solid-D,0,Solid-D,Solid-D,Solid-D,Solid-D,Solid-D,Solid-D,Solid-D,Solid-D,Solid-D,Solid-D,Solid-D,Solid-D,Solid-D,Solid-D,Solid-D,Solid-D,Solid-D,Solid-D,Solid-D,Solid-D,Solid-D,Solid-D
TX-31,Likely-R,0.5392561983471075,Likely-R,Solid-R,Likely-R,Solid-R,Solid-R,Likely-R,Likely-R,Likely-R,Likely-R,Solid-R,Lean-R,Solid-R,Likely-R,Solid-R,Solid-R,Solid-R,Likely-R,Lean-R,Lean-R,Likely-R,Lean-R,Solid-R
TX-32,Toss-Up,2.390495867768595,Likely-R,Toss-Up,Likely-R,Lean-D,Likely-R,Solid-R,Solid-R,Solid-R,Solid-R,Solid-R,Lean-D,Solid-R,Solid-R,Solid-R,Toss-Up,Solid-R,Solid-R,Likely-D,Solid-R,Likely-R,Likely-R,Likely-R
TX-33,Solid-D,0,Solid-D,Solid-D,Solid-D,Solid-D,Solid-D,Solid-D,Solid-D,Solid-D,Solid-D,Solid-D,Solid-D,Solid-D,Solid-D,Solid-D,Solid-D,Solid-D,Solid-D,Solid-D,Solid-D,Solid-D,Solid-D,Solid-D
TX-34,Solid-D,0,Solid-D,Solid-D,Solid-D,Solid-D,Solid-D,Solid-D,Solid-D,Solid-D,Solid-D,Solid-D,Solid-D,Solid-D,Solid-D,Solid-D,Solid-D,Solid-D,Solid-D,Solid-D,Solid-D,Solid-D,Solid-D,Solid-D
TX-35,Solid-D,0,Solid-D,Solid-D,Solid-D,Solid-D,Solid-D,Solid-D,Solid-D,Solid-D,Solid-D,Solid-D,Solid-D,Solid-D,Solid-D,Solid-D,Solid-D,Solid-D,Solid-D,Solid-D,Solid-D,Solid-D,Solid-D,Solid-D
TX-36,Solid-R,0,Solid-R,Solid-R,Solid-R,Solid-R,Solid-R,Solid-R,Solid-R,Solid-R,Solid-R,Solid-R,Solid-R,Solid-R,Solid-R,Solid-R,Solid-R,Solid-R,Solid-R,Solid-R,Solid-R,Solid-R,Solid-R,Solid-R
UT-01,Solid-R,0.04338842975206612,Solid-R,Solid-R,Solid-R,Solid-R,Solid-R,Solid-R,Solid-R,Solid-R,Solid-R,Solid-R,Solid-R,Solid-R,Solid-R,Solid-R,Likely-R,Solid-R,Solid-R,Solid-R,Solid-R,Solid-R,Solid-R,Solid-R
UT-02,Solid-R,0.4896694214876033,Solid-R,Likely-R,Likely-R,Solid-R,Likely-R,Solid-R,Solid-R,Likely-R,Likely-R,Lean-R,Likely-R,Solid-R,Solid-R,Likely-R,Solid-R,Solid-R,Likely-R,Lean-R,Solid-R,Likely-R,Lean-R,Solid-R
UT-03,Solid-R,0.04338842975206612,Solid-R,Solid-R,Solid-R,Solid-R,Solid-R,Solid-R,Solid-R,Solid-R,Solid-R,Solid-R,Solid-R,Solid-R,Solid-R,Solid-R,Solid-R,Solid-R,Likely-R,Solid-R,Solid-R,Solid-R,Solid-R,Solid-R
UT-04,Lean-R,1.1260330578512396,Likely-R,Solid-R,Lean-R,Toss-Up,Toss-Up,Solid-R,Lean-R,Toss-Up,Likely-R,Likely-R,Likely-R,Solid-R,Solid-R,Toss-Up,Likely-R,Solid-R,Likely-R,Likely-R,Lean-R,Lean-R,Solid-R,Lean-R
VA-01,Solid-R,0.7210743801652892,Likely-R,Likely-R,Solid-R,Likely-R,Lean-R,Likely-R,Solid-R,Likely-R,Likely-R,Lean-R,Solid-R,Solid-R,Solid-R,Solid-R,Solid-R,Likely-R,Toss-Up,Solid-R,Solid-R,Likely-R,Lean-R,Solid-R
VA-02,Toss-Up,1.2479338842975207,Solid-R,Likely-R,Lean-R,Toss-Up,Lean-R,Lean-R,Lean-D,Likely-D,Likely-R,Lean-D,Toss-Up,Toss-Up,Toss-Up,Lean-R,Toss-Up,Lean-R,Toss-Up,Lean-R,Likely-R,Toss-Up,Toss-Up,Lean-R
VA-03,Solid-D,0,Solid-D,Solid-D,Solid-D,Solid-D,Solid-D,Solid-D,Solid-D,Solid-D,Solid-D,Solid-D,Solid-D,Solid-D,Solid-D,Solid-D,Solid-D,Solid-D,Solid-D,Solid-D,Solid-D,Solid-D,Solid-D,Solid-D
VA-04,Solid-D,1.225206611570248,Solid-D,Solid-D,Solid-D,Solid-D,Likely-D,Solid-D,Likely-D,Likely-D,Solid-D,Lean-D,Lean-D,Solid-D,Lean-D,Solid-D,Solid-D,Toss-Up,Lean-R,Lean-D,Likely-D,Solid-D,Likely-D,Likely-D
VA-05,Likely-R,1.140495867768595,Lean-R,Toss-Up,Likely-R,Solid-R,Likely-R,Toss-Up,Toss-Up,Solid-R,Solid-R,Lean-R,Solid-R,Likely-R,Lean-R,Solid-R,Likely-R,Lean-R,Solid-R,Likely-R,Lean-R,Toss-Up,Likely-R,Lean-R
VA-06,Solid-R,0.7768595041322314,Solid-R,Solid-R,Solid-R,Solid-R,Solid-R,Solid-R,Solid-R,Solid-R,Solid-R,Likely-R,Solid-R,Solid-R,Solid-R,Likely-R,Solid-R,Solid-R,Solid-R,Likely-R,Solid-R,Solid-R,Likely-R,Lean-D
VA-07,Toss-Up,1.5206611570247934,Toss-Up,Likely-R,Lean-R,Toss-Up,Lean-D,Lean-R,Likely-R,Solid-R,Lean-R,Toss-Up,Lean-R,Toss-Up,Likely-R,Solid-R,Lean-R,Likely-R,Solid-R,Solid-R,Solid-R,Toss-Up,Likely-R,Solid-R
VA-08,Solid-D,0,Solid-D,Solid-D,Solid-D,Solid-D,Solid-D,Solid-D,Solid-D,Solid-D,Solid-D,Solid-D,Solid-D,Solid-D,Solid-D,Solid-D,Solid-D,Solid-D,Solid-D,Solid-D,Solid-D,Solid-D,Solid-D,Solid-D
VA-09,Solid-R,0.04338842975206612,Solid-R,Solid-R,Solid-R,Solid-R,Solid-R,Solid-R,Solid-R,Solid-R,Solid-R,Solid-R,Likely-R,Solid-R,Solid-R,Solid-R,Solid-R,Solid-R,Solid-R,Solid-R,Solid-R,Solid-R,Solid-R,Solid-R
VA-10,Lean-D,0.6053719008264463,Lean-D,Lean-D,Toss-Up,Lean-R,Toss-Up,Likely-D,Toss-Up,Likely-D,Toss-Up,Toss-Up,Toss-Up,Toss-Up,Likely-D,Lean-D,Lean-D,Toss-Up,Toss-Up,Toss-Up,Toss-Up,Toss-Up,Toss-Up,Toss-Up
VA-11,Solid-D,0,Solid-D,Solid-D,Solid-D,Solid-D,Solid-D,Solid-D,Solid-D,Solid-D,Solid-D,Solid-D,Solid-D,Solid-D,Solid-D,Solid-D,Solid-D,Solid-D,Solid-D,Solid-D,Solid-D,Solid-D,Solid-D,Solid-D
VT-00,Solid-D,0,Solid-D,Solid-D,Solid-D,Solid-D,Solid-D,Solid-D,Solid-D,Solid-D,Solid-D,Solid-D,Solid-D,Solid-D,Solid-D,Solid-D,Solid-D,Solid-D,Solid-D,Solid-D,Solid-D,Solid-D,Solid-D,Solid-D
WA-01,Solid-D,0.32231404958677684,Likely-D,Solid-D,Solid-D,Solid-D,Solid-D,Solid-D,Solid-D,Solid-D,Likely-D,Solid-D,Lean-D,Likely-D,Likely-D,Solid-D,Solid-D,Solid-D,Solid-D,Solid-D,Solid-D,Likely-D,Solid-D,Likely-D
WA-02,Solid-D,0,Solid-D,Solid-D,Solid-D,Solid-D,Solid-D,Solid-D,Solid-D,Solid-D,Solid-D,Solid-D,Solid-D,Solid-D,Solid-D,Solid-D,Solid-D,Solid-D,Solid-D,Solid-D,Solid-D,Solid-D,Solid-D,Solid-D
WA-03,Lean-R,1.9669421487603305,Lean-R,Toss-Up,Lean-R,Likely-D,Lean-D,Likely-R,Lean-R,Likely-R,Toss-Up,Toss-Up,Likely-R,Solid-R,Lean-D,Solid-R,Toss-Up,Likely-R,Lean-R,Likely-R,Likely-R,Likely-R,Solid-R,Solid-R
WA-04,Solid-R,1.134297520661157,Solid-R,Solid-R,Lean-R,Likely-R,Likely-R,Likely-R,Solid-R,Lean-R,Solid-R,Solid-R,Lean-R,Likely-R,Solid-R,Likely-R,Toss-Up,Toss-Up,Solid-R,Solid-R,Likely-R,Lean-R,Solid-R,Toss-Up
WA-05,Lean-R,1.1756198347107438,Solid-R,Lean-R,Likely-R,Likely-R,Solid-R,Lean-R,Lean-R,Toss-Up,Toss-Up,Likely-R,Solid-R,Solid-R,Likely-R,Likely-R,Solid-R,Likely-R,Solid-R,Toss-Up,Solid-R,Lean-R,Toss-Up,Likely-R
WA-06,Solid-D,0,Solid-D,Solid-D,Solid-D,Solid-D,Solid-D,Solid-D,Solid-D,Solid-D,Solid-D,Solid-D,Solid-D,Solid-D,Solid-D,Solid-D,Solid-D,Solid-D,Solid-D,Solid-D,Solid-D,Solid-D,Solid-D,Solid-D
WA-07,Solid-D,0,Solid-D,Solid-D,Solid-D,Solid-D,Solid-D,Solid-D,Solid-D,Solid-D,Solid-D,Solid-D,Solid-D,Solid-D,Solid-D,Solid-D,Solid-D,Solid-D,Solid-D,Solid-D,Solid-D,Solid-D,Solid-D,Solid-D
WA-08,Lean-D,1.3409090909090908,Lean-D,Lean-D,Toss-Up,Toss-Up,Toss-Up,Likely-D,Lean-R,Lean-R,Toss-Up,Toss-Up,Toss-Up,Toss-Up,Toss-Up,Lean-R,Toss-Up,Likely-R,Likely-R,Likely-R,Likely-R,Solid-R,Toss-Up,Lean-R
WA-09,Solid-D,0,Solid-D,Solid-D,Solid-D,Solid-D,Solid-D,Solid-D,Solid-D,Solid-D,Solid-D,Solid-D,Solid-D,Solid-D,Solid-D,Solid-D,Solid-D,Solid-D,Solid-D,Solid-D,Solid-D,Solid-D,Solid-D,Solid-D
WA-10,Solid-D,0.1487603305785124,Solid-D,Solid-D,Solid-D,Solid-D,Likely-D,Solid-D,Solid-D,Solid-D,Solid-D,Solid-D,Likely-D,Solid-D,Solid-D,Solid-D,Solid-D,Solid-D,Solid-D,Solid-D,Likely-D,Likely-D,Solid-D,Solid-D
WI-01,Lean-R,1.6632231404958677,Solid-R,Likely-R,Solid-R,Likely-R,Likely-R,Lean-R,Likely-R,Solid-R,Solid-R,Solid-R,Lean-R,Toss-Up,Solid-R,Likely-R,Solid-R,Solid-R,Lean-R,Likely-R,Toss-Up,Solid-R,Lean-R,Likely-D
WI-02,Solid-D,0,Solid-D,Solid-D,Solid-D,Solid-D,Solid-D,Solid-D,Solid-D,Solid-D,Solid-D,Solid-D,Solid-D,Solid-D,Solid-D,Solid-D,Solid-D,Solid-D,Solid-D,Solid-D,Solid-D,Solid-D,Solid-D,Solid-D
WI-03,Solid-D,0.04338842975206612,Solid-D,Solid-D,Solid-D,Solid-D,Solid-D,Solid-D,Solid-D,Likely-D,Solid-D,Solid-D,Solid-D,Solid-D,Solid-D,Solid-D,Solid-D,Solid-D,Solid-D,Solid-D,Solid-D,Solid-D,Solid-D,Solid-D
WI-04,Solid-D,0,Solid-D,Solid-D,Solid-D,Solid-D,Solid-D,Solid-D,Solid-D,Solid-D,Solid-D,Solid-D,Solid-D,Solid-D,Solid-D,Solid-D,Solid-D,Solid-D,Solid-D,Solid-D,Solid-D,Solid-D,Solid-D,Solid-D
WI-05,Solid-R,0.4132231404958677,Solid-R,Solid-R,Solid-R,Likely-R,Solid-R,Solid-R,Solid-R,Lean-R,Likely-R,Solid-R,Solid-R,Lean-R,Likely-R,Solid-R,Solid-R,Solid-R,Solid-R,Likely-R,Solid-R,Solid-R,Solid-R,Solid-R
WI-06,Lean-R,0.8615702479338844,Solid-R,Lean-R,Solid-R,Likely-R,Toss-Up,Lean-R,Solid-R,Likely-R,Likely-R,Toss-Up,Likely-R,Solid-R,Likely-R,Solid-R,Solid-R,Likely-R,Solid-R,Likely-R,Solid-R,Likely-R,Likely-R,Lean-R
WI-07,Solid-R,0.902892561983471,Solid-R,Likely-R,Likely-R,Likely-R,Toss-Up,Solid-R,Solid-R,Solid-R,Solid-R,Lean-R,Lean-R,Likely-R,Solid-R,Likely-R,Solid-R,Likely-R,Solid-R,Toss-Up,Solid-R,Likely-R,Solid-R,Solid-R
WI-08,Likely-R,0.8347107438016529,Solid-R,Solid-R,Likely-R,Likely-R,Solid-R,Solid-R,Solid-R,Solid-R,Lean-R,Likely-R,Lean-R,Likely-R,Likely-R,Toss-Up,Solid-R,Solid-R,Solid-R,Solid-R,Lean-R,Solid-R,Solid-R,Lean-R
WV-01,Solid-R,0,Solid-R,Solid-R,Solid-R,Solid-R,Solid-R,Solid-R,Solid-R,Solid-R,Solid-R,Solid-R,Solid-R,Solid-R,Solid-R,Solid-R,Solid-R,Solid-R,Solid-R,Solid-R,Solid-R,Solid-R,Solid-R,Solid-R
WV-02,Solid-R,0.6053719008264463,Solid-R,Solid-R,Lean-R,Likely-R,Solid-R,Solid-R,Solid-R,Likely-R,Solid-R,Solid-R,Solid-R,Solid-R,Solid-R,Solid-R,Likely-R,Solid-R,Likely-R,Solid-R,Solid-R,Solid-R,Toss-Up,Solid-R
WV-03,Toss-Up,0,Solid-R,Solid-R,Solid-R,Solid-R,Solid-R,Solid-R,Solid-R,Solid-R,Solid-R,Solid-R,Solid-R,Solid-R,Solid-R,Solid-R,Solid-R,Solid-R,Solid-R,Solid-R,Solid-R,Solid-R,Solid-R,Solid-R
WY-00,Solid-R,0,Solid-R,Solid-R,Solid-R,Solid-R,Solid-R,Solid-R,Solid-R,Solid-R,Solid-R,Solid-R,Solid-R,Solid-R,Solid-R,Solid-R,Solid-R,Solid-R,Solid-R,Solid-R,Solid-R,Solid-R,Solid-R,Solid-R
